01.02.2016 00:00:00.000;1.08293;1.08293;1.08207;1.08216;1195229977
01.02.2016 00:10:00.000;1.08216;1.08225;1.0816;1.08179;1226889996
01.02.2016 00:20:00.000;1.08179;1.082;1.08147;1.08149;1238830013
01.02.2016 00:30:00.000;1.0815;1.08203;1.08147;1.08202;911370002.7
01.02.2016 00:40:00.000;1.08201;1.0825;1.08201;1.08228;1090030006
01.02.2016 00:50:00.000;1.08227;1.08253;1.08227;1.08253;608900009.2
01.02.2016 01:00:00.000;1.08253;1.08338;1.08242;1.08281;1865559990
01.02.2016 01:10:00.000;1.08283;1.08299;1.08271;1.08293;1397870003
01.02.2016 01:20:00.000;1.08292;1.08347;1.08291;1.08341;1480470001
01.02.2016 01:30:00.000;1.08341;1.08392;1.08338;1.08385;2926419983
01.02.2016 01:40:00.000;1.08385;1.08385;1.08355;1.08361;1946840019
01.02.2016 01:50:00.000;1.08362;1.08387;1.08352;1.08373;1711679985
01.02.2016 02:00:00.000;1.08374;1.08411;1.08366;1.0841;1910350006
01.02.2016 02:10:00.000;1.08409;1.08429;1.08363;1.08413;1819139992
01.02.2016 02:20:00.000;1.08412;1.08439;1.08377;1.08431;1791740005
01.02.2016 02:30:00.000;1.08431;1.08453;1.08409;1.0841;1226460007
01.02.2016 02:40:00.000;1.0841;1.0843;1.08352;1.08382;1462700012
01.02.2016 02:50:00.000;1.08381;1.08388;1.08345;1.08348;1183769997
01.02.2016 03:00:00.000;1.08349;1.0845;1.08345;1.08446;1229750011
01.02.2016 03:10:00.000;1.08445;1.08487;1.08441;1.08458;1409979996
01.02.2016 03:20:00.000;1.08458;1.08485;1.08443;1.08463;1358820000
01.02.2016 03:30:00.000;1.08462;1.08465;1.0839;1.08418;1545509972
01.02.2016 03:40:00.000;1.08417;1.08479;1.08416;1.08461;1561630001
01.02.2016 03:50:00.000;1.0846;1.08485;1.0845;1.08459;887269989
01.02.2016 04:00:00.000;1.08459;1.08466;1.08441;1.08442;1048389999
01.02.2016 04:10:00.000;1.08442;1.08449;1.08435;1.08441;974040008.5
01.02.2016 04:20:00.000;1.08441;1.08473;1.08438;1.08467;1177639988
01.02.2016 04:30:00.000;1.08467;1.08502;1.08467;1.08495;1295469994
01.02.2016 04:40:00.000;1.08495;1.08523;1.08495;1.08499;1266309986
01.02.2016 04:50:00.000;1.08499;1.08513;1.08489;1.085;781650001.5
01.02.2016 05:00:00.000;1.08501;1.08502;1.08455;1.08493;1275750008
01.02.2016 05:10:00.000;1.08494;1.08515;1.08492;1.08513;1226510010
01.02.2016 05:20:00.000;1.08512;1.08518;1.08493;1.08503;1214969994
01.02.2016 05:30:00.000;1.08502;1.08505;1.08475;1.08477;536119997
01.02.2016 05:40:00.000;1.08476;1.085;1.08466;1.08484;945759994.5
01.02.2016 05:50:00.000;1.08485;1.08491;1.08473;1.08481;956609993
01.02.2016 06:00:00.000;1.08481;1.08493;1.08461;1.08483;981539989.5
01.02.2016 06:10:00.000;1.08481;1.08484;1.08453;1.08457;838140007
01.02.2016 06:20:00.000;1.08457;1.08464;1.08434;1.08454;1129340012
01.02.2016 06:30:00.000;1.08453;1.08455;1.08415;1.08426;1151689987
01.02.2016 06:40:00.000;1.08426;1.08466;1.08426;1.08458;956909992.2
01.02.2016 06:50:00.000;1.08459;1.08475;1.08457;1.08467;1123889996
01.02.2016 07:00:00.000;1.08467;1.08486;1.08466;1.08478;995650001.5
01.02.2016 07:10:00.000;1.08479;1.08487;1.08454;1.08465;1091049995
01.02.2016 07:20:00.000;1.08465;1.08476;1.08438;1.08469;1009309994
01.02.2016 07:30:00.000;1.08471;1.08488;1.08468;1.08484;1015730015
01.02.2016 07:40:00.000;1.08484;1.08499;1.0847;1.08496;726800003.1
01.02.2016 07:50:00.000;1.08497;1.08524;1.08495;1.08496;1239849976
01.02.2016 08:00:00.000;1.08494;1.08547;1.0846;1.08519;2295549988
01.02.2016 08:10:00.000;1.08519;1.08564;1.08496;1.08547;2595809998
01.02.2016 08:20:00.000;1.08547;1.08547;1.08439;1.08456;2284790009
01.02.2016 08:30:00.000;1.08455;1.0848;1.08444;1.08461;2145589981
01.02.2016 08:40:00.000;1.08461;1.08483;1.08426;1.0847;1990169998
01.02.2016 08:50:00.000;1.08469;1.08492;1.08452;1.08459;1457459976
01.02.2016 09:00:00.000;1.08459;1.0857;1.08453;1.08508;2942209976
01.02.2016 09:10:00.000;1.08508;1.08525;1.0845;1.08464;2941330002
01.02.2016 09:20:00.000;1.08464;1.08537;1.08464;1.08492;2297490021
01.02.2016 09:30:00.000;1.08492;1.08569;1.08454;1.08547;3084789978
01.02.2016 09:40:00.000;1.08547;1.08598;1.08541;1.08586;2683870010
01.02.2016 09:50:00.000;1.08587;1.08592;1.08493;1.08497;2262610001
01.02.2016 10:00:00.000;1.08497;1.08539;1.08485;1.08528;2716109970
01.02.2016 10:10:00.000;1.08529;1.08581;1.08529;1.08569;3181199951
01.02.2016 10:20:00.000;1.08568;1.08587;1.08509;1.08516;2461990036
01.02.2016 10:30:00.000;1.08517;1.08534;1.08411;1.0843;3469009979
01.02.2016 10:40:00.000;1.0843;1.08499;1.08426;1.08483;3116919998
01.02.2016 10:50:00.000;1.08483;1.08584;1.08468;1.08576;2525599976
01.02.2016 11:00:00.000;1.08573;1.08604;1.08529;1.08564;3040600021
01.02.2016 11:10:00.000;1.08564;1.08576;1.08516;1.08576;2834499985
01.02.2016 11:20:00.000;1.08576;1.08668;1.08576;1.08641;2646809998
01.02.2016 11:30:00.000;1.08638;1.08657;1.08611;1.08612;2748239960
01.02.2016 11:40:00.000;1.08613;1.08648;1.08597;1.08626;2458570023
01.02.2016 11:50:00.000;1.08626;1.08632;1.08587;1.08599;2090440010
01.02.2016 12:00:00.000;1.08598;1.08658;1.08596;1.08627;1902790016
01.02.2016 12:10:00.000;1.08626;1.08644;1.08589;1.08629;2399989983
01.02.2016 12:20:00.000;1.08628;1.08646;1.08597;1.08614;2603180008
01.02.2016 12:30:00.000;1.08614;1.0867;1.08613;1.08648;1979760002
01.02.2016 12:40:00.000;1.08647;1.08664;1.08616;1.08664;2173829990
01.02.2016 12:50:00.000;1.08664;1.08686;1.0864;1.08676;2098070007
01.02.2016 13:00:00.000;1.08676;1.08694;1.08643;1.08679;2121610016
01.02.2016 13:10:00.000;1.08679;1.08735;1.08663;1.08716;2416969978
01.02.2016 13:20:00.000;1.08716;1.08734;1.08667;1.08686;3171030029
01.02.2016 13:30:00.000;1.08685;1.08743;1.08668;1.08734;2882350006
01.02.2016 13:40:00.000;1.08735;1.08794;1.08721;1.08749;3029099930
01.02.2016 13:50:00.000;1.08748;1.08796;1.08748;1.0879;2963110016
01.02.2016 14:00:00.000;1.08791;1.08837;1.08769;1.08813;3484530029
01.02.2016 14:10:00.000;1.08815;1.08868;1.08813;1.08836;3448250000
01.02.2016 14:20:00.000;1.08836;1.08846;1.08786;1.08796;3121329987
01.02.2016 14:30:00.000;1.08794;1.08817;1.08732;1.08746;2887030014
01.02.2016 14:40:00.000;1.08747;1.08858;1.08737;1.08844;3334969986
01.02.2016 14:50:00.000;1.08844;1.08859;1.08802;1.08813;3071510010
01.02.2016 15:00:00.000;1.08812;1.08852;1.0879;1.08832;3831779999
01.02.2016 15:10:00.000;1.08832;1.08838;1.08767;1.08817;3259350006
01.02.2016 15:20:00.000;1.08817;1.08843;1.08792;1.08812;2723599991
01.02.2016 15:30:00.000;1.08809;1.08863;1.08794;1.08836;2851750031
01.02.2016 15:40:00.000;1.08835;1.08986;1.08816;1.08961;4462649963
01.02.2016 15:50:00.000;1.08961;1.09038;1.08961;1.08983;4072199982
01.02.2016 16:00:00.000;1.08985;1.09128;1.08982;1.09046;5618690002
01.02.2016 16:10:00.000;1.09045;1.09059;1.08937;1.08992;4725850037
01.02.2016 16:20:00.000;1.08993;1.09027;1.08943;1.09024;3327979980
01.02.2016 16:30:00.000;1.09023;1.09054;1.08947;1.08961;3376279953
01.02.2016 16:40:00.000;1.08961;1.09036;1.08885;1.08885;3481100037
01.02.2016 16:50:00.000;1.08878;1.08965;1.0887;1.08916;4420259979
01.02.2016 17:00:00.000;1.08915;1.0899;1.08836;1.08876;4518000031
01.02.2016 17:10:00.000;1.08876;1.08917;1.08835;1.0884;3787779999
01.02.2016 17:20:00.000;1.0884;1.08858;1.0875;1.08753;3253589996
01.02.2016 17:30:00.000;1.08754;1.08848;1.08752;1.08841;2682380005
01.02.2016 17:40:00.000;1.08841;1.08869;1.08821;1.08867;2310610001
01.02.2016 17:50:00.000;1.08866;1.08907;1.08856;1.08878;2803239960
01.02.2016 18:00:00.000;1.08877;1.08942;1.08851;1.0892;2321850021
01.02.2016 18:10:00.000;1.08921;1.09022;1.089;1.09007;2159929993
01.02.2016 18:20:00.000;1.09007;1.09018;1.08978;1.09006;2442139999
01.02.2016 18:30:00.000;1.09006;1.09006;1.08955;1.08964;1666550001
01.02.2016 18:40:00.000;1.08966;1.08966;1.08914;1.0893;2154970001
01.02.2016 18:50:00.000;1.0893;1.08943;1.08896;1.08911;2113450005
01.02.2016 19:00:00.000;1.08911;1.08941;1.08864;1.08901;2348640038
01.02.2016 19:10:00.000;1.08901;1.08931;1.08876;1.08879;1549100029
01.02.2016 19:20:00.000;1.08879;1.08887;1.08845;1.0887;1728079987
01.02.2016 19:30:00.000;1.0887;1.08877;1.08852;1.08854;2524019981
01.02.2016 19:40:00.000;1.08855;1.08878;1.08841;1.08865;1645800011
01.02.2016 19:50:00.000;1.08865;1.08881;1.08827;1.08856;2231500023
01.02.2016 20:00:00.000;1.08855;1.08917;1.08852;1.08917;1353340004
01.02.2016 20:10:00.000;1.08917;1.09015;1.08907;1.09015;2177250000
01.02.2016 20:20:00.000;1.09015;1.09063;1.0898;1.08991;2183789993
01.02.2016 20:30:00.000;1.08992;1.09019;1.0896;1.09003;1809540016
01.02.2016 20:40:00.000;1.09003;1.0902;1.08957;1.09013;1811870026
01.02.2016 20:50:00.000;1.09015;1.09017;1.08915;1.08932;1982749992
01.02.2016 21:00:00.000;1.0893;1.08988;1.0893;1.08961;1332489994
01.02.2016 21:10:00.000;1.08962;1.08962;1.08926;1.08929;1249530014
01.02.2016 21:20:00.000;1.0893;1.08948;1.08917;1.08933;1820669983
01.02.2016 21:30:00.000;1.08932;1.08951;1.08913;1.08951;1576260017
01.02.2016 21:40:00.000;1.08951;1.08971;1.08919;1.08971;1711880013
01.02.2016 21:50:00.000;1.08971;1.08973;1.08917;1.08944;1686950012
01.02.2016 22:00:00.000;1.08946;1.08949;1.08873;1.08903;1228100014
01.02.2016 22:10:00.000;1.08903;1.08915;1.08891;1.08904;666109996.8
01.02.2016 22:20:00.000;1.08904;1.08918;1.08904;1.08909;857130003
01.02.2016 22:30:00.000;1.08908;1.08926;1.08902;1.08925;1084889992
01.02.2016 22:40:00.000;1.08925;1.08935;1.08919;1.08923;561149993.9
01.02.2016 22:50:00.000;1.08923;1.08924;1.08871;1.08877;913019996.6
01.02.2016 23:00:00.000;1.08878;1.08899;1.08833;1.08889;334360001.6
01.02.2016 23:10:00.000;1.0889;1.08905;1.08889;1.08904;416669998.2
01.02.2016 23:20:00.000;1.08905;1.08915;1.08892;1.08906;410150001.5
01.02.2016 23:30:00.000;1.08905;1.08911;1.0886;1.08865;624769999.5
01.02.2016 23:40:00.000;1.08865;1.08891;1.08856;1.0889;672079998
01.02.2016 23:50:00.000;1.08889;1.08894;1.08884;1.08894;512859998.7
02.02.2016 00:00:00.000;1.08894;1.08902;1.08866;1.08898;890589998.2
02.02.2016 00:10:00.000;1.08898;1.08915;1.08896;1.08907;577379995.3
02.02.2016 00:20:00.000;1.08907;1.08934;1.08896;1.08903;685749998.1
02.02.2016 00:30:00.000;1.08904;1.08918;1.08903;1.08915;1004550001
02.02.2016 00:40:00.000;1.08915;1.08978;1.08914;1.08978;613050006.9
02.02.2016 00:50:00.000;1.08977;1.08999;1.08953;1.08958;538399996.8
02.02.2016 01:00:00.000;1.08957;1.08979;1.08948;1.08967;1252289978
02.02.2016 01:10:00.000;1.08968;1.08984;1.08956;1.08982;1369559990
02.02.2016 01:20:00.000;1.08982;1.08985;1.08947;1.08985;1510040009
02.02.2016 01:30:00.000;1.08985;1.08987;1.08965;1.08966;1309880016
02.02.2016 01:40:00.000;1.08967;1.08983;1.08955;1.08965;1031030010
02.02.2016 01:50:00.000;1.08964;1.08975;1.08924;1.08953;1557750008
02.02.2016 02:00:00.000;1.08953;1.09003;1.0895;1.09;1680549980
02.02.2016 02:10:00.000;1.09;1.09055;1.08986;1.09049;1632459984
02.02.2016 02:20:00.000;1.0905;1.09052;1.09024;1.09038;1801080002
02.02.2016 02:30:00.000;1.09038;1.09055;1.09014;1.09049;1140509995
02.02.2016 02:40:00.000;1.09049;1.09072;1.09016;1.09031;1178739998
02.02.2016 02:50:00.000;1.09031;1.09038;1.08976;1.08988;1678110008
02.02.2016 03:00:00.000;1.08983;1.09038;1.08983;1.09028;1702249977
02.02.2016 03:10:00.000;1.09028;1.0903;1.08987;1.08995;1710930000
02.02.2016 03:20:00.000;1.08994;1.08997;1.08966;1.08971;1705249992
02.02.2016 03:30:00.000;1.0897;1.08994;1.08956;1.08974;1512629986
02.02.2016 03:40:00.000;1.08975;1.09014;1.08974;1.08992;1472890015
02.02.2016 03:50:00.000;1.08992;1.09001;1.08958;1.08961;1618440002
02.02.2016 04:00:00.000;1.0896;1.08983;1.08946;1.08951;1343250000
02.02.2016 04:10:00.000;1.0895;1.08962;1.08942;1.0896;1131470016
02.02.2016 04:20:00.000;1.0896;1.09003;1.08953;1.08989;1305770004
02.02.2016 04:30:00.000;1.08989;1.09021;1.0897;1.0902;1287579994
02.02.2016 04:40:00.000;1.0902;1.09089;1.09016;1.09085;2053070007
02.02.2016 04:50:00.000;1.09084;1.09098;1.09034;1.09054;1492229996
02.02.2016 05:00:00.000;1.09053;1.09092;1.09043;1.09067;1681559982
02.02.2016 05:10:00.000;1.09067;1.09074;1.09024;1.09029;1510769981
02.02.2016 05:20:00.000;1.0903;1.091;1.0902;1.091;1141149986
02.02.2016 05:30:00.000;1.09099;1.09147;1.09094;1.09145;1662439987
02.02.2016 05:40:00.000;1.09145;1.0919;1.09131;1.09147;1925830002
02.02.2016 05:50:00.000;1.09146;1.0916;1.09121;1.09157;1183880005
02.02.2016 06:00:00.000;1.09161;1.09185;1.09109;1.09122;1422839996
02.02.2016 06:10:00.000;1.09124;1.09147;1.09121;1.09136;1005520008
02.02.2016 06:20:00.000;1.09136;1.09174;1.09126;1.09134;1452239990
02.02.2016 06:30:00.000;1.09134;1.09139;1.0905;1.09062;1925570007
02.02.2016 06:40:00.000;1.09063;1.09086;1.09043;1.09055;1190439987
02.02.2016 06:50:00.000;1.09053;1.0906;1.09032;1.09034;1546699989
02.02.2016 07:00:00.000;1.09034;1.09101;1.09034;1.09099;1795669998
02.02.2016 07:10:00.000;1.091;1.091;1.09017;1.0902;1543920013
02.02.2016 07:20:00.000;1.09021;1.09031;1.08993;1.08997;1253229996
02.02.2016 07:30:00.000;1.08997;1.09002;1.08957;1.08987;1462719994
02.02.2016 07:40:00.000;1.08988;1.09027;1.08988;1.09006;1099859989
02.02.2016 07:50:00.000;1.09006;1.09042;1.08999;1.09005;1335839996
02.02.2016 08:00:00.000;1.09009;1.0908;1.08998;1.09072;1649819969
02.02.2016 08:10:00.000;1.09071;1.09095;1.08997;1.09005;1643900002
02.02.2016 08:20:00.000;1.09005;1.0904;1.0896;1.09037;1891209976
02.02.2016 08:30:00.000;1.09038;1.09047;1.09007;1.09013;1867249992
02.02.2016 08:40:00.000;1.09012;1.09081;1.09003;1.09067;1824540024
02.02.2016 08:50:00.000;1.09067;1.09096;1.0902;1.09027;1989760010
02.02.2016 09:00:00.000;1.09028;1.09049;1.08981;1.09006;2751709991
02.02.2016 09:10:00.000;1.09008;1.09067;1.08975;1.09049;2913289993
02.02.2016 09:20:00.000;1.09047;1.09111;1.09032;1.09075;3362529999
02.02.2016 09:30:00.000;1.09076;1.0914;1.09072;1.09139;2628019974
02.02.2016 09:40:00.000;1.0914;1.09162;1.09094;1.09096;3025740021
02.02.2016 09:50:00.000;1.09097;1.09176;1.09094;1.09152;3071579987
02.02.2016 10:00:00.000;1.09152;1.09199;1.09132;1.09132;3675350006
02.02.2016 10:10:00.000;1.09132;1.0917;1.09111;1.09161;2795429977
02.02.2016 10:20:00.000;1.09161;1.09176;1.09144;1.09145;2250079956
02.02.2016 10:30:00.000;1.09146;1.09179;1.09113;1.09153;2794999985
02.02.2016 10:40:00.000;1.09153;1.09167;1.09113;1.09144;2115630005
02.02.2016 10:50:00.000;1.09144;1.09177;1.09133;1.0914;2394619965
02.02.2016 11:00:00.000;1.0914;1.09186;1.0912;1.09146;2882890015
02.02.2016 11:10:00.000;1.09147;1.09154;1.09098;1.09122;2251749985
02.02.2016 11:20:00.000;1.09121;1.09139;1.09095;1.09113;2438239990
02.02.2016 11:30:00.000;1.09113;1.09137;1.09093;1.09107;1912910004
02.02.2016 11:40:00.000;1.09108;1.09116;1.09068;1.0909;2325500000
02.02.2016 11:50:00.000;1.09091;1.09129;1.09055;1.09116;2555620010
02.02.2016 12:00:00.000;1.09117;1.09155;1.09115;1.09133;2301609970
02.02.2016 12:10:00.000;1.09132;1.09165;1.09115;1.09163;2227850006
02.02.2016 12:20:00.000;1.09163;1.09164;1.09135;1.09145;1661179993
02.02.2016 12:30:00.000;1.09145;1.09154;1.09125;1.09138;2065749992
02.02.2016 12:40:00.000;1.09138;1.09152;1.09116;1.09124;2333500031
02.02.2016 12:50:00.000;1.09124;1.09226;1.09114;1.09215;2574779999
02.02.2016 13:00:00.000;1.09215;1.09231;1.09202;1.09227;2360220016
02.02.2016 13:10:00.000;1.09227;1.0923;1.09188;1.09188;2487529953
02.02.2016 13:20:00.000;1.09189;1.09211;1.09176;1.09179;2154970016
02.02.2016 13:30:00.000;1.09179;1.09205;1.09162;1.09175;2295599976
02.02.2016 13:40:00.000;1.09174;1.09176;1.0915;1.09159;1944979996
02.02.2016 13:50:00.000;1.09159;1.09184;1.09122;1.09122;2373109970
02.02.2016 14:00:00.000;1.09119;1.09139;1.09092;1.09129;2287060028
02.02.2016 14:10:00.000;1.09128;1.09227;1.09094;1.09205;3048949982
02.02.2016 14:20:00.000;1.09206;1.09289;1.09195;1.09271;3553630005
02.02.2016 14:30:00.000;1.0927;1.09284;1.09232;1.09283;3025230026
02.02.2016 14:40:00.000;1.09284;1.09304;1.09256;1.09263;2592839996
02.02.2016 14:50:00.000;1.09262;1.09372;1.09262;1.09369;3442779984
02.02.2016 15:00:00.000;1.09368;1.09369;1.09292;1.0932;3532689987
02.02.2016 15:10:00.000;1.09321;1.09346;1.09278;1.09281;2938110016
02.02.2016 15:20:00.000;1.0928;1.09294;1.09205;1.09223;3402170029
02.02.2016 15:30:00.000;1.09224;1.09373;1.09223;1.09365;3599119995
02.02.2016 15:40:00.000;1.09363;1.09378;1.09324;1.09358;4931010040
02.02.2016 15:50:00.000;1.09358;1.09399;1.09266;1.09303;4290729980
02.02.2016 16:00:00.000;1.09304;1.09318;1.09206;1.09243;4022859985
02.02.2016 16:10:00.000;1.09242;1.09275;1.09202;1.09239;3705020050
02.02.2016 16:20:00.000;1.09239;1.09271;1.09192;1.09244;3664580002
02.02.2016 16:30:00.000;1.09245;1.0931;1.09233;1.09253;3406810013
02.02.2016 16:40:00.000;1.09254;1.09265;1.09148;1.09153;3634769989
02.02.2016 16:50:00.000;1.09152;1.09153;1.08924;1.09033;6191240051
02.02.2016 17:00:00.000;1.09035;1.0905;1.08937;1.08954;4944529953
02.02.2016 17:10:00.000;1.08954;1.09023;1.08933;1.09023;3203039993
02.02.2016 17:20:00.000;1.09024;1.09038;1.08964;1.08978;2766760025
02.02.2016 17:30:00.000;1.08977;1.09006;1.08944;1.08986;3157759995
02.02.2016 17:40:00.000;1.08985;1.0907;1.08976;1.09051;2538539993
02.02.2016 17:50:00.000;1.09053;1.09083;1.09047;1.09079;1884739983
02.02.2016 18:00:00.000;1.09079;1.09164;1.09058;1.09121;2537750015
02.02.2016 18:10:00.000;1.09123;1.09142;1.09088;1.091;2410789993
02.02.2016 18:20:00.000;1.09101;1.09104;1.09044;1.09044;1637299995
02.02.2016 18:30:00.000;1.09045;1.09094;1.09031;1.09035;1565779976
02.02.2016 18:40:00.000;1.09036;1.09048;1.08983;1.09022;1741470009
02.02.2016 18:50:00.000;1.09023;1.09102;1.09018;1.09092;1750319992
02.02.2016 19:00:00.000;1.09092;1.09096;1.09034;1.09061;1617149986
02.02.2016 19:10:00.000;1.09061;1.09114;1.09053;1.09094;1867429985
02.02.2016 19:20:00.000;1.09093;1.0912;1.09084;1.0909;1343479996
02.02.2016 19:30:00.000;1.09092;1.09146;1.09092;1.09142;1824250000
02.02.2016 19:40:00.000;1.09143;1.09185;1.09114;1.09175;1776769989
02.02.2016 19:50:00.000;1.09175;1.09205;1.0914;1.0919;1624559998
02.02.2016 20:00:00.000;1.09192;1.09223;1.09179;1.09201;1735029991
02.02.2016 20:10:00.000;1.092;1.09212;1.09119;1.0912;1900469986
02.02.2016 20:20:00.000;1.09121;1.09165;1.09113;1.09155;2180410034
02.02.2016 20:30:00.000;1.09154;1.09161;1.09127;1.09134;1730349983
02.02.2016 20:40:00.000;1.09134;1.0914;1.09079;1.09094;1622110004
02.02.2016 20:50:00.000;1.09094;1.09171;1.0908;1.09155;1534080009
02.02.2016 21:00:00.000;1.09156;1.09199;1.09138;1.09196;1398119991
02.02.2016 21:10:00.000;1.09196;1.09226;1.0917;1.09196;2121730026
02.02.2016 21:20:00.000;1.09198;1.09228;1.09165;1.09187;1631190002
02.02.2016 21:30:00.000;1.09187;1.09228;1.09178;1.09223;1911359993
02.02.2016 21:40:00.000;1.09223;1.09234;1.09185;1.09185;1623690002
02.02.2016 21:50:00.000;1.09185;1.09194;1.09115;1.09133;1606320023
02.02.2016 22:00:00.000;1.09133;1.09194;1.0913;1.09173;877420002
02.02.2016 22:10:00.000;1.09173;1.09178;1.09159;1.09172;927360015.9
02.02.2016 22:20:00.000;1.09173;1.09176;1.09164;1.09169;962430007.5
02.02.2016 22:30:00.000;1.09168;1.09181;1.0916;1.0918;965130001.1
02.02.2016 22:40:00.000;1.09179;1.09204;1.09166;1.09204;1281140007
02.02.2016 22:50:00.000;1.09204;1.09208;1.09151;1.09184;1264600006
02.02.2016 23:00:00.000;1.09184;1.09193;1.09164;1.0919;296730003.6
02.02.2016 23:10:00.000;1.09191;1.09212;1.09167;1.09198;758759990.7
02.02.2016 23:20:00.000;1.09197;1.09224;1.09196;1.09216;514019996.6
02.02.2016 23:30:00.000;1.09216;1.09218;1.09202;1.09206;486230001.4
02.02.2016 23:40:00.000;1.09206;1.09272;1.09206;1.09263;1095809994
02.02.2016 23:50:00.000;1.09263;1.09263;1.09223;1.09242;1063260002
03.02.2016 00:00:00.000;1.0924;1.09274;1.09203;1.09269;1417299995
03.02.2016 00:10:00.000;1.09269;1.09269;1.09217;1.09225;930260004
03.02.2016 00:20:00.000;1.09228;1.09248;1.09226;1.09238;755010001.2
03.02.2016 00:30:00.000;1.0924;1.09243;1.09216;1.09222;330400003.4
03.02.2016 00:40:00.000;1.09218;1.09249;1.0921;1.09241;577510006.9
03.02.2016 00:50:00.000;1.09241;1.09242;1.09182;1.09184;635320003.5
03.02.2016 01:00:00.000;1.09187;1.09202;1.09168;1.09179;1418530029
03.02.2016 01:10:00.000;1.09179;1.0925;1.09179;1.09249;2633070007
03.02.2016 01:20:00.000;1.09249;1.09263;1.09239;1.09242;2068590012
03.02.2016 01:30:00.000;1.09241;1.09277;1.09236;1.09271;1434929985
03.02.2016 01:40:00.000;1.09271;1.0928;1.09243;1.09245;1267369995
03.02.2016 01:50:00.000;1.09245;1.09255;1.09218;1.09224;1400619987
03.02.2016 02:00:00.000;1.09222;1.09264;1.09222;1.09238;1562830002
03.02.2016 02:10:00.000;1.09237;1.09327;1.09235;1.09319;1927919983
03.02.2016 02:20:00.000;1.09318;1.09359;1.09311;1.09331;1776539986
03.02.2016 02:30:00.000;1.09331;1.09347;1.09305;1.09305;1272199997
03.02.2016 02:40:00.000;1.09307;1.09322;1.09231;1.09267;1438439995
03.02.2016 02:50:00.000;1.0927;1.093;1.09263;1.09271;1415050003
03.02.2016 03:00:00.000;1.09272;1.09284;1.09245;1.09259;1233259995
03.02.2016 03:10:00.000;1.09258;1.0929;1.09256;1.09262;1211260010
03.02.2016 03:20:00.000;1.09261;1.09268;1.09242;1.09259;1161059998
03.02.2016 03:30:00.000;1.09259;1.09264;1.09193;1.0921;1232550003
03.02.2016 03:40:00.000;1.09209;1.09262;1.09209;1.09262;988179996.5
03.02.2016 03:50:00.000;1.0926;1.09268;1.09225;1.09233;948770008.1
03.02.2016 04:00:00.000;1.09234;1.09239;1.09196;1.09212;1190150009
03.02.2016 04:10:00.000;1.09212;1.09232;1.09206;1.09226;1308099991
03.02.2016 04:20:00.000;1.09226;1.09258;1.09222;1.09233;858609993
03.02.2016 04:30:00.000;1.09232;1.09233;1.09193;1.09222;1942420006
03.02.2016 04:40:00.000;1.09221;1.09222;1.09161;1.09173;1696990005
03.02.2016 04:50:00.000;1.09175;1.09175;1.09126;1.09127;1382030006
03.02.2016 05:00:00.000;1.09126;1.09159;1.09123;1.09137;1216390007
03.02.2016 05:10:00.000;1.09137;1.09147;1.09121;1.09135;1189750015
03.02.2016 05:20:00.000;1.09136;1.09162;1.09123;1.09161;1254919991
03.02.2016 05:30:00.000;1.09159;1.09162;1.09139;1.09146;829670003.9
03.02.2016 05:40:00.000;1.09146;1.09163;1.09144;1.0916;859330007.6
03.02.2016 05:50:00.000;1.09161;1.09164;1.09128;1.09142;1277080025
03.02.2016 06:00:00.000;1.09141;1.09167;1.09135;1.09167;1190709999
03.02.2016 06:10:00.000;1.09167;1.09192;1.09157;1.09173;1211800014
03.02.2016 06:20:00.000;1.09174;1.0919;1.09166;1.09171;1066740005
03.02.2016 06:30:00.000;1.09171;1.09186;1.09155;1.09156;1121610004
03.02.2016 06:40:00.000;1.09156;1.09161;1.09124;1.09137;1380249996
03.02.2016 06:50:00.000;1.09138;1.09142;1.09116;1.09127;1087309994
03.02.2016 07:00:00.000;1.09127;1.092;1.09124;1.092;1133139999
03.02.2016 07:10:00.000;1.09201;1.09296;1.09192;1.09258;1804759987
03.02.2016 07:20:00.000;1.09258;1.09281;1.09234;1.09241;1735709999
03.02.2016 07:30:00.000;1.09242;1.09243;1.09219;1.09241;1110120007
03.02.2016 07:40:00.000;1.09242;1.09269;1.09219;1.09224;1414809990
03.02.2016 07:50:00.000;1.09225;1.09234;1.09196;1.09204;1267410019
03.02.2016 08:00:00.000;1.09204;1.09211;1.09135;1.09149;2381020004
03.02.2016 08:10:00.000;1.09149;1.09213;1.09146;1.09189;2099550003
03.02.2016 08:20:00.000;1.0919;1.09231;1.09157;1.09167;1561220009
03.02.2016 08:30:00.000;1.09166;1.09188;1.09119;1.09141;2416850006
03.02.2016 08:40:00.000;1.0914;1.0915;1.09117;1.09136;2162490044
03.02.2016 08:50:00.000;1.09133;1.09157;1.09071;1.09072;1760720001
03.02.2016 09:00:00.000;1.09072;1.09137;1.09038;1.09132;2707159988
03.02.2016 09:10:00.000;1.09131;1.09219;1.09116;1.09193;2886100006
03.02.2016 09:20:00.000;1.09193;1.09201;1.0913;1.09146;2786910034
03.02.2016 09:30:00.000;1.09147;1.09192;1.09136;1.09178;2313500000
03.02.2016 09:40:00.000;1.09178;1.09193;1.09128;1.09133;2598590027
03.02.2016 09:50:00.000;1.09133;1.09136;1.09074;1.09079;2472300034
03.02.2016 10:00:00.000;1.09081;1.09114;1.09058;1.09061;2989439987
03.02.2016 10:10:00.000;1.09061;1.09096;1.09045;1.09087;2773320038
03.02.2016 10:20:00.000;1.09086;1.09139;1.09056;1.09074;2806950020
03.02.2016 10:30:00.000;1.09074;1.09129;1.09071;1.09112;2726509979
03.02.2016 10:40:00.000;1.09112;1.09148;1.09076;1.09103;2513229996
03.02.2016 10:50:00.000;1.09102;1.09187;1.09099;1.09173;2785339996
03.02.2016 11:00:00.000;1.0917;1.0924;1.09165;1.09231;4218879974
03.02.2016 11:10:00.000;1.09233;1.09237;1.09182;1.09229;2759939987
03.02.2016 11:20:00.000;1.0923;1.09309;1.09223;1.09301;3082089966
03.02.2016 11:30:00.000;1.09301;1.09302;1.09233;1.09252;3070849991
03.02.2016 11:40:00.000;1.09253;1.09304;1.09243;1.0925;2512220016
03.02.2016 11:50:00.000;1.09251;1.09332;1.09251;1.09312;2624759995
03.02.2016 12:00:00.000;1.09311;1.09313;1.09226;1.09246;2708459953
03.02.2016 12:10:00.000;1.09247;1.09281;1.09234;1.09253;2047949982
03.02.2016 12:20:00.000;1.09253;1.09278;1.09232;1.0925;2095220001
03.02.2016 12:30:00.000;1.0925;1.0931;1.09241;1.09285;2135130013
03.02.2016 12:40:00.000;1.09285;1.09319;1.0926;1.09285;2448499985
03.02.2016 12:50:00.000;1.09285;1.09285;1.0922;1.09229;2442860046
03.02.2016 13:00:00.000;1.09226;1.09238;1.09108;1.09152;3368269974
03.02.2016 13:10:00.000;1.09152;1.09178;1.09123;1.09164;2562110001
03.02.2016 13:20:00.000;1.09164;1.09194;1.09147;1.09167;1942229980
03.02.2016 13:30:00.000;1.09167;1.09235;1.09162;1.09235;2226790009
03.02.2016 13:40:00.000;1.09235;1.09307;1.09224;1.09302;2795829956
03.02.2016 13:50:00.000;1.09302;1.09354;1.09286;1.09347;2963229996
03.02.2016 14:00:00.000;1.09347;1.09384;1.09325;1.09371;2495470001
03.02.2016 14:10:00.000;1.0937;1.09424;1.09273;1.09422;3765120026
03.02.2016 14:20:00.000;1.09423;1.09762;1.09418;1.09639;6146050018
03.02.2016 14:30:00.000;1.09641;1.0967;1.09556;1.09577;4265500000
03.02.2016 14:40:00.000;1.09576;1.09591;1.09489;1.09496;3632660034
03.02.2016 14:50:00.000;1.09495;1.09602;1.09495;1.09556;3160849991
03.02.2016 15:00:00.000;1.09555;1.09748;1.09535;1.09727;3871299988
03.02.2016 15:10:00.000;1.09726;1.09795;1.0965;1.0977;3815570053
03.02.2016 15:20:00.000;1.09769;1.09786;1.09694;1.09699;3918750000
03.02.2016 15:30:00.000;1.09699;1.09701;1.09635;1.09635;4187660004
03.02.2016 15:40:00.000;1.09637;1.09949;1.09632;1.09856;4704700089
03.02.2016 15:50:00.000;1.09855;1.10155;1.09826;1.10045;6038259918
03.02.2016 16:00:00.000;1.10064;1.10442;1.10064;1.10257;7863030029
03.02.2016 16:10:00.000;1.10257;1.10428;1.10248;1.10251;6141539886
03.02.2016 16:20:00.000;1.1025;1.10497;1.10246;1.10485;4802209961
03.02.2016 16:30:00.000;1.10484;1.10803;1.10481;1.10571;6281269897
03.02.2016 16:40:00.000;1.1057;1.10646;1.10336;1.10451;5671739960
03.02.2016 16:50:00.000;1.10453;1.10548;1.10368;1.1047;4828459961
03.02.2016 17:00:00.000;1.10469;1.10722;1.10469;1.10692;5065769989
03.02.2016 17:10:00.000;1.10693;1.10767;1.10574;1.10586;4494019958
03.02.2016 17:20:00.000;1.10585;1.10594;1.10462;1.105;3534739990
03.02.2016 17:30:00.000;1.10501;1.10617;1.10481;1.10563;4040970032
03.02.2016 17:40:00.000;1.10563;1.10594;1.1051;1.10555;3720600006
03.02.2016 17:50:00.000;1.10557;1.10609;1.10515;1.10525;3140229996
03.02.2016 18:00:00.000;1.10521;1.10579;1.10463;1.10468;2814289993
03.02.2016 18:10:00.000;1.1047;1.10518;1.10466;1.10505;3002319946
03.02.2016 18:20:00.000;1.10507;1.10636;1.10505;1.10592;2737799973
03.02.2016 18:30:00.000;1.10593;1.10682;1.10586;1.10654;3073590027
03.02.2016 18:40:00.000;1.10656;1.1069;1.10632;1.10637;2807570007
03.02.2016 18:50:00.000;1.10638;1.10707;1.10616;1.10655;3417870056
03.02.2016 19:00:00.000;1.10655;1.11175;1.10655;1.11082;4103390045
03.02.2016 19:10:00.000;1.1108;1.11082;1.10935;1.10971;4083850006
03.02.2016 19:20:00.000;1.10971;1.11067;1.10923;1.10942;2914769989
03.02.2016 19:30:00.000;1.10941;1.11135;1.10931;1.11071;3499620041
03.02.2016 19:40:00.000;1.11068;1.11355;1.11064;1.11265;4023150085
03.02.2016 19:50:00.000;1.11265;1.1138;1.11199;1.11338;3502220001
03.02.2016 20:00:00.000;1.11337;1.11455;1.11281;1.11287;4215760010
03.02.2016 20:10:00.000;1.11286;1.11293;1.11124;1.1116;3569199982
03.02.2016 20:20:00.000;1.11158;1.11158;1.10996;1.10996;3588990021
03.02.2016 20:30:00.000;1.10996;1.11071;1.1085;1.11054;4349500015
03.02.2016 20:40:00.000;1.11052;1.11052;1.10841;1.10855;3473739960
03.02.2016 20:50:00.000;1.10856;1.10957;1.10839;1.10935;3026059998
03.02.2016 21:00:00.000;1.10937;1.10941;1.10791;1.10829;3059679993
03.02.2016 21:10:00.000;1.1083;1.10926;1.10772;1.10904;2725240021
03.02.2016 21:20:00.000;1.10903;1.11055;1.10903;1.11054;2680799988
03.02.2016 21:30:00.000;1.11053;1.11151;1.11044;1.11141;2326659988
03.02.2016 21:40:00.000;1.1114;1.11149;1.11036;1.11075;2603240005
03.02.2016 21:50:00.000;1.11073;1.11131;1.11007;1.1109;2334549988
03.02.2016 22:00:00.000;1.11088;1.11135;1.11059;1.11075;1794880020
03.02.2016 22:10:00.000;1.11075;1.1112;1.11052;1.111;1273500000
03.02.2016 22:20:00.000;1.111;1.11101;1.11003;1.11012;1367340004
03.02.2016 22:30:00.000;1.1101;1.11073;1.1101;1.11069;1261770016
03.02.2016 22:40:00.000;1.11068;1.11152;1.1104;1.11151;1268620003
03.02.2016 22:50:00.000;1.1115;1.11155;1.11026;1.11029;1015799992
03.02.2016 23:00:00.000;1.11033;1.11059;1.1095;1.10954;470019998.6
03.02.2016 23:10:00.000;1.10952;1.10959;1.10886;1.10891;718610000.6
03.02.2016 23:20:00.000;1.10889;1.1089;1.1083;1.10832;520009998.3
03.02.2016 23:30:00.000;1.10832;1.10837;1.10772;1.10805;1072839996
03.02.2016 23:40:00.000;1.10805;1.10825;1.10794;1.10814;1127530014
03.02.2016 23:50:00.000;1.10813;1.10851;1.10808;1.10813;1317940010
04.02.2016 00:00:00.000;1.10822;1.10971;1.10822;1.10891;2446379974
04.02.2016 00:10:00.000;1.1089;1.10894;1.10865;1.10879;1697319992
04.02.2016 00:20:00.000;1.10879;1.10901;1.10859;1.1086;1275410006
04.02.2016 00:30:00.000;1.1086;1.1086;1.10815;1.10848;618939996.7
04.02.2016 00:40:00.000;1.10848;1.1087;1.10825;1.10856;453009998.3
04.02.2016 00:50:00.000;1.10857;1.10929;1.10847;1.10929;860730011
04.02.2016 01:00:00.000;1.10928;1.10965;1.10862;1.10948;2022630005
04.02.2016 01:10:00.000;1.10948;1.10999;1.10927;1.10992;2194090042
04.02.2016 01:20:00.000;1.10991;1.11115;1.10976;1.111;2570550003
04.02.2016 01:30:00.000;1.111;1.11167;1.1107;1.11071;1852260010
04.02.2016 01:40:00.000;1.11071;1.11078;1.11015;1.11069;1342120003
04.02.2016 01:50:00.000;1.11069;1.11132;1.11038;1.1111;1960760010
04.02.2016 02:00:00.000;1.1111;1.11152;1.11073;1.11081;1716650017
04.02.2016 02:10:00.000;1.1108;1.11088;1.10944;1.1097;2029949997
04.02.2016 02:20:00.000;1.1097;1.11019;1.10915;1.10919;2193320007
04.02.2016 02:30:00.000;1.10918;1.10929;1.10825;1.10871;1995749985
04.02.2016 02:40:00.000;1.1087;1.10911;1.10866;1.10904;1529320000
04.02.2016 02:50:00.000;1.10903;1.10903;1.10842;1.10872;2051810005
04.02.2016 03:00:00.000;1.10871;1.10905;1.10863;1.10901;1719659988
04.02.2016 03:10:00.000;1.10899;1.10904;1.10846;1.10851;1781280006
04.02.2016 03:20:00.000;1.1085;1.10894;1.10842;1.10848;1786130020
04.02.2016 03:30:00.000;1.10848;1.10849;1.10747;1.10763;1859929985
04.02.2016 03:40:00.000;1.10764;1.10804;1.10764;1.10801;1392090012
04.02.2016 03:50:00.000;1.10801;1.10849;1.10801;1.10839;1399769997
04.02.2016 04:00:00.000;1.10838;1.1084;1.10808;1.10813;1257070000
04.02.2016 04:10:00.000;1.10813;1.10856;1.1081;1.10854;1421940010
04.02.2016 04:20:00.000;1.10854;1.1088;1.10843;1.10878;1409300003
04.02.2016 04:30:00.000;1.10877;1.10926;1.1087;1.10884;1549609985
04.02.2016 04:40:00.000;1.10884;1.10934;1.10881;1.10923;1817529991
04.02.2016 04:50:00.000;1.10922;1.10923;1.10876;1.1091;1533289986
04.02.2016 05:00:00.000;1.10911;1.10919;1.10841;1.10852;1368749985
04.02.2016 05:10:00.000;1.10854;1.10864;1.10832;1.10843;2073030022
04.02.2016 05:20:00.000;1.10843;1.10873;1.10837;1.10846;1518830002
04.02.2016 05:30:00.000;1.10847;1.10868;1.10844;1.1085;1558479980
04.02.2016 05:40:00.000;1.1085;1.10873;1.10849;1.10863;1281399994
04.02.2016 05:50:00.000;1.10862;1.10875;1.10844;1.10872;1623750015
04.02.2016 06:00:00.000;1.10873;1.1089;1.1086;1.10871;1249110001
04.02.2016 06:10:00.000;1.10873;1.10887;1.10863;1.1087;1584870010
04.02.2016 06:20:00.000;1.10869;1.10884;1.10858;1.1086;1135110012
04.02.2016 06:30:00.000;1.10861;1.10882;1.10854;1.10854;1120249996
04.02.2016 06:40:00.000;1.10854;1.10879;1.10827;1.10846;2009589996
04.02.2016 06:50:00.000;1.10846;1.10888;1.10846;1.10886;1505030006
04.02.2016 07:00:00.000;1.10885;1.10887;1.10829;1.10829;1369510002
04.02.2016 07:10:00.000;1.10828;1.10842;1.10816;1.10822;1168619999
04.02.2016 07:20:00.000;1.10823;1.10824;1.10797;1.10818;1437060020
04.02.2016 07:30:00.000;1.10819;1.10827;1.10736;1.10737;1664870003
04.02.2016 07:40:00.000;1.10737;1.10749;1.10712;1.1074;1709319992
04.02.2016 07:50:00.000;1.10741;1.10776;1.10702;1.10748;1991919998
04.02.2016 08:00:00.000;1.10748;1.10823;1.10715;1.10753;2200630020
04.02.2016 08:10:00.000;1.10753;1.10755;1.10696;1.10734;1988540024
04.02.2016 08:20:00.000;1.10733;1.1075;1.10706;1.10709;2246329987
04.02.2016 08:30:00.000;1.1071;1.10813;1.1071;1.10786;2235949982
04.02.2016 08:40:00.000;1.10786;1.10803;1.10767;1.10798;1922879997
04.02.2016 08:50:00.000;1.10799;1.10895;1.10793;1.10811;3363989975
04.02.2016 09:00:00.000;1.10811;1.11213;1.1079;1.10987;4918779999
04.02.2016 09:10:00.000;1.10989;1.11301;1.10949;1.11301;5243900024
04.02.2016 09:20:00.000;1.113;1.11371;1.11221;1.11267;4087739990
04.02.2016 09:30:00.000;1.11266;1.11339;1.11133;1.11168;3732989990
04.02.2016 09:40:00.000;1.1117;1.11293;1.11151;1.11284;3163839996
04.02.2016 09:50:00.000;1.11282;1.11404;1.11263;1.11327;4056859955
04.02.2016 10:00:00.000;1.11325;1.11611;1.11306;1.11517;5056670013
04.02.2016 10:10:00.000;1.11517;1.11636;1.11508;1.11624;4212309998
04.02.2016 10:20:00.000;1.11623;1.11673;1.115;1.11571;3973179993
04.02.2016 10:30:00.000;1.11571;1.11644;1.11536;1.11596;3556609985
04.02.2016 10:40:00.000;1.11596;1.11597;1.11514;1.11521;3514990021
04.02.2016 10:50:00.000;1.11522;1.1163;1.11501;1.11628;3677380020
04.02.2016 11:00:00.000;1.11628;1.11695;1.11557;1.11589;3766619995
04.02.2016 11:10:00.000;1.11592;1.11608;1.11524;1.11568;3736389954
04.02.2016 11:20:00.000;1.11567;1.11624;1.11548;1.11612;3043900024
04.02.2016 11:30:00.000;1.11612;1.11726;1.11565;1.11716;3035310028
04.02.2016 11:40:00.000;1.11716;1.11837;1.11704;1.11744;3773609985
04.02.2016 11:50:00.000;1.11744;1.11823;1.11722;1.11816;2608480042
04.02.2016 12:00:00.000;1.11815;1.11831;1.11756;1.11783;2665049957
04.02.2016 12:10:00.000;1.11782;1.11821;1.11756;1.11792;2484200012
04.02.2016 12:20:00.000;1.11794;1.11847;1.11775;1.11838;2933830017
04.02.2016 12:30:00.000;1.11837;1.11849;1.11663;1.1167;3585939972
04.02.2016 12:40:00.000;1.11666;1.11751;1.11656;1.11748;4219569977
04.02.2016 12:50:00.000;1.11744;1.11755;1.1169;1.1172;3229730019
04.02.2016 13:00:00.000;1.11717;1.11799;1.11706;1.11744;3796710052
04.02.2016 13:10:00.000;1.11743;1.11876;1.11743;1.11876;3225640015
04.02.2016 13:20:00.000;1.11875;1.11882;1.11799;1.11799;3477000000
04.02.2016 13:30:00.000;1.11799;1.11921;1.11781;1.11886;5134149994
04.02.2016 13:40:00.000;1.11887;1.11954;1.11862;1.11869;3868349945
04.02.2016 13:50:00.000;1.11869;1.12024;1.11857;1.11942;4110159943
04.02.2016 14:00:00.000;1.11943;1.12171;1.11894;1.12138;4687119965
04.02.2016 14:10:00.000;1.12137;1.1218;1.1205;1.12164;4460990021
04.02.2016 14:20:00.000;1.12174;1.12205;1.12131;1.122;4132529999
04.02.2016 14:30:00.000;1.122;1.12389;1.12122;1.12124;5125219971
04.02.2016 14:40:00.000;1.12125;1.12243;1.1207;1.12201;4509890015
04.02.2016 14:50:00.000;1.122;1.1223;1.12011;1.12023;4345739990
04.02.2016 15:00:00.000;1.12025;1.1209;1.11911;1.1195;5206440002
04.02.2016 15:10:00.000;1.1195;1.12046;1.11915;1.11969;4851320007
04.02.2016 15:20:00.000;1.1197;1.11987;1.11848;1.11888;4088070007
04.02.2016 15:30:00.000;1.11887;1.11975;1.11795;1.11969;4520469971
04.02.2016 15:40:00.000;1.1197;1.12051;1.11933;1.11957;4852229980
04.02.2016 15:50:00.000;1.11959;1.12108;1.11945;1.12102;4881080017
04.02.2016 16:00:00.000;1.12106;1.12212;1.11887;1.11939;4770989929
04.02.2016 16:10:00.000;1.11938;1.11985;1.11802;1.11823;4377730011
04.02.2016 16:20:00.000;1.11823;1.11932;1.11811;1.11867;4281009949
04.02.2016 16:30:00.000;1.11867;1.11931;1.1169;1.11789;4830249908
04.02.2016 16:40:00.000;1.11791;1.11813;1.11641;1.11669;4086309998
04.02.2016 16:50:00.000;1.11669;1.11722;1.11576;1.11679;5085279999
04.02.2016 17:00:00.000;1.11679;1.11816;1.1167;1.11809;4361160004
04.02.2016 17:10:00.000;1.11808;1.11909;1.11786;1.11905;3862419983
04.02.2016 17:20:00.000;1.11905;1.11905;1.11794;1.11832;4133520004
04.02.2016 17:30:00.000;1.11832;1.11961;1.11829;1.11888;4176950012
04.02.2016 17:40:00.000;1.1189;1.12091;1.11877;1.11969;3932970001
04.02.2016 17:50:00.000;1.11968;1.12008;1.11945;1.11983;3691850037
04.02.2016 18:00:00.000;1.11983;1.12012;1.1189;1.11893;3036110016
04.02.2016 18:10:00.000;1.11894;1.11913;1.11852;1.11882;3009100006
04.02.2016 18:20:00.000;1.11882;1.11945;1.11857;1.11879;3084710007
04.02.2016 18:30:00.000;1.11881;1.11973;1.11871;1.11953;3066199982
04.02.2016 18:40:00.000;1.11952;1.12024;1.11899;1.11973;3142719971
04.02.2016 18:50:00.000;1.11973;1.11995;1.11916;1.11971;3068259979
04.02.2016 19:00:00.000;1.11971;1.12024;1.11961;1.12021;2921160004
04.02.2016 19:10:00.000;1.12021;1.12065;1.11982;1.12037;2200849960
04.02.2016 19:20:00.000;1.12038;1.12075;1.12007;1.1205;2446800034
04.02.2016 19:30:00.000;1.12049;1.12097;1.12029;1.1206;2158310013
04.02.2016 19:40:00.000;1.12055;1.12145;1.12033;1.12128;2459909973
04.02.2016 19:50:00.000;1.12129;1.12163;1.12058;1.12112;2936389969
04.02.2016 20:00:00.000;1.12112;1.12174;1.12102;1.12171;2736609924
04.02.2016 20:10:00.000;1.12171;1.12221;1.12139;1.12181;2073439987
04.02.2016 20:20:00.000;1.12181;1.12218;1.12167;1.12205;1998190018
04.02.2016 20:30:00.000;1.12205;1.12222;1.12141;1.12202;2012239975
04.02.2016 20:40:00.000;1.12203;1.12225;1.12124;1.12135;2049660004
04.02.2016 20:50:00.000;1.12134;1.12153;1.12063;1.12119;2764069992
04.02.2016 21:00:00.000;1.12118;1.1216;1.12085;1.12087;2017570007
04.02.2016 21:10:00.000;1.12085;1.12086;1.11995;1.12039;1916179962
04.02.2016 21:20:00.000;1.12042;1.12049;1.1201;1.12026;1787620010
04.02.2016 21:30:00.000;1.12027;1.12044;1.11986;1.12;1812119987
04.02.2016 21:40:00.000;1.12001;1.12051;1.11977;1.12026;1986729980
04.02.2016 21:50:00.000;1.12025;1.12074;1.12006;1.12054;1511479996
04.02.2016 22:00:00.000;1.12056;1.12093;1.12056;1.12071;974859989.2
04.02.2016 22:10:00.000;1.1207;1.12087;1.12051;1.12065;561650005.3
04.02.2016 22:20:00.000;1.12065;1.12093;1.12064;1.12088;656110002.5
04.02.2016 22:30:00.000;1.12089;1.12148;1.12068;1.1214;1237029999
04.02.2016 22:40:00.000;1.1214;1.12153;1.1213;1.12151;1593630020
04.02.2016 22:50:00.000;1.1215;1.12158;1.12066;1.12072;1047750023
04.02.2016 23:00:00.000;1.1207;1.12073;1.12025;1.12044;288410003.7
04.02.2016 23:10:00.000;1.12046;1.12057;1.12024;1.12028;364710001
04.02.2016 23:20:00.000;1.12031;1.12039;1.12002;1.12005;582579999.9
04.02.2016 23:30:00.000;1.12005;1.12032;1.11972;1.12014;925000011.4
04.02.2016 23:40:00.000;1.12014;1.12015;1.11992;1.12005;1151099995
04.02.2016 23:50:00.000;1.12003;1.12025;1.11992;1.11999;2657180008
05.02.2016 00:00:00.000;1.11999;1.12035;1.11999;1.1203;1288820011
05.02.2016 00:10:00.000;1.12032;1.1205;1.11987;1.12025;1105100010
05.02.2016 00:20:00.000;1.12024;1.12025;1.12;1.12011;505009996.9
05.02.2016 00:30:00.000;1.12013;1.12029;1.12004;1.12021;303209997.2
05.02.2016 00:40:00.000;1.1202;1.12027;1.12007;1.12008;347079996.1
05.02.2016 00:50:00.000;1.1201;1.12012;1.11973;1.11994;436840000.2
05.02.2016 01:00:00.000;1.11994;1.12025;1.11985;1.12023;1089659996
05.02.2016 01:10:00.000;1.12023;1.1205;1.12013;1.12048;1540499992
05.02.2016 01:20:00.000;1.12047;1.12052;1.11984;1.11987;1466939995
05.02.2016 01:30:00.000;1.11988;1.12072;1.1197;1.12062;1654519966
05.02.2016 01:40:00.000;1.12061;1.12076;1.12012;1.1204;1194910011
05.02.2016 01:50:00.000;1.12039;1.1206;1.11977;1.12049;1476799995
05.02.2016 02:00:00.000;1.12051;1.12156;1.1205;1.12156;1781620026
05.02.2016 02:10:00.000;1.12156;1.12165;1.12115;1.1216;1660870018
05.02.2016 02:20:00.000;1.1216;1.1216;1.12092;1.12102;1386860016
05.02.2016 02:30:00.000;1.12102;1.12125;1.12039;1.12047;1383720001
05.02.2016 02:40:00.000;1.12046;1.1208;1.12016;1.12044;1466970001
05.02.2016 02:50:00.000;1.12043;1.12052;1.11942;1.11954;1422969986
05.02.2016 03:00:00.000;1.1195;1.11969;1.11915;1.11959;1539259995
05.02.2016 03:10:00.000;1.11959;1.1201;1.11948;1.1199;1518630005
05.02.2016 03:20:00.000;1.11991;1.11998;1.11967;1.11996;972819995.9
05.02.2016 03:30:00.000;1.11997;1.12;1.11933;1.11999;1233060013
05.02.2016 03:40:00.000;1.11999;1.12011;1.11945;1.11947;1215989983
05.02.2016 03:50:00.000;1.11946;1.11959;1.1192;1.11921;1070770000
05.02.2016 04:00:00.000;1.11922;1.11955;1.11913;1.11951;1503169991
05.02.2016 04:10:00.000;1.11952;1.11968;1.11941;1.11945;1094509979
05.02.2016 04:20:00.000;1.11945;1.1196;1.11929;1.11952;876920000.1
05.02.2016 04:30:00.000;1.11954;1.11964;1.11906;1.11952;1607779999
05.02.2016 04:40:00.000;1.11953;1.11992;1.11951;1.11986;1343150017
05.02.2016 04:50:00.000;1.11986;1.12008;1.1197;1.1198;1293960030
05.02.2016 05:00:00.000;1.11979;1.12018;1.11964;1.11977;1068070000
05.02.2016 05:10:00.000;1.11976;1.12039;1.11972;1.11977;1061380005
05.02.2016 05:20:00.000;1.11977;1.12007;1.11939;1.11959;1247020020
05.02.2016 05:30:00.000;1.11959;1.1196;1.1192;1.11924;1291779984
05.02.2016 05:40:00.000;1.11923;1.11962;1.11923;1.11955;1063629990
05.02.2016 05:50:00.000;1.11952;1.11965;1.11945;1.11957;1317270012
05.02.2016 06:00:00.000;1.11957;1.11975;1.11927;1.11961;1231689995
05.02.2016 06:10:00.000;1.11962;1.11962;1.11915;1.11928;938339992.5
05.02.2016 06:20:00.000;1.11929;1.11941;1.11894;1.11899;1049720009
05.02.2016 06:30:00.000;1.119;1.11908;1.11875;1.11884;1224430012
05.02.2016 06:40:00.000;1.11884;1.11892;1.11858;1.11864;1477169983
05.02.2016 06:50:00.000;1.11864;1.11902;1.11859;1.11888;1491560005
05.02.2016 07:00:00.000;1.11889;1.11944;1.11889;1.11941;1492319973
05.02.2016 07:10:00.000;1.1194;1.11967;1.1193;1.11949;1030489990
05.02.2016 07:20:00.000;1.11949;1.11973;1.11928;1.11931;899860000.6
05.02.2016 07:30:00.000;1.11932;1.11982;1.11931;1.11978;1063410011
05.02.2016 07:40:00.000;1.11977;1.12011;1.11969;1.11974;1331970001
05.02.2016 07:50:00.000;1.11975;1.11977;1.11911;1.11912;1242350021
05.02.2016 08:00:00.000;1.11911;1.11996;1.11876;1.11965;2066449989
05.02.2016 08:10:00.000;1.11965;1.12002;1.11943;1.11978;1799909996
05.02.2016 08:20:00.000;1.11977;1.11996;1.11918;1.11977;1502790001
05.02.2016 08:30:00.000;1.11976;1.11988;1.11885;1.1195;2118239975
05.02.2016 08:40:00.000;1.11951;1.1196;1.11869;1.1195;2764770004
05.02.2016 08:50:00.000;1.11951;1.11981;1.11885;1.11958;2780339981
05.02.2016 09:00:00.000;1.11958;1.12081;1.11835;1.1189;3629999969
05.02.2016 09:10:00.000;1.1189;1.11931;1.11853;1.11925;3443289963
05.02.2016 09:20:00.000;1.11926;1.11967;1.11888;1.11919;3093620010
05.02.2016 09:30:00.000;1.11918;1.12003;1.11893;1.11917;3105899979
05.02.2016 09:40:00.000;1.11918;1.11928;1.11843;1.11892;3410750000
05.02.2016 09:50:00.000;1.11892;1.11974;1.11837;1.11933;3261100021
05.02.2016 10:00:00.000;1.11932;1.11979;1.11897;1.11904;2784149979
05.02.2016 10:10:00.000;1.11903;1.11961;1.11902;1.11951;2668969986
05.02.2016 10:20:00.000;1.11952;1.11953;1.11863;1.11891;2923009979
05.02.2016 10:30:00.000;1.11894;1.11912;1.11837;1.11875;3205530014
05.02.2016 10:40:00.000;1.11874;1.11927;1.11869;1.11899;2640720001
05.02.2016 10:50:00.000;1.11898;1.11987;1.11893;1.11948;2744790024
05.02.2016 11:00:00.000;1.11948;1.1198;1.11891;1.11893;2296050003
05.02.2016 11:10:00.000;1.11891;1.11916;1.11865;1.11912;2437270027
05.02.2016 11:20:00.000;1.11911;1.11919;1.11863;1.1188;2627389999
05.02.2016 11:30:00.000;1.11879;1.11923;1.11833;1.1188;2797570007
05.02.2016 11:40:00.000;1.11881;1.11885;1.1183;1.11872;2861009995
05.02.2016 11:50:00.000;1.11871;1.11921;1.11835;1.1192;2596959961
05.02.2016 12:00:00.000;1.1192;1.11975;1.11897;1.11967;2769700012
05.02.2016 12:10:00.000;1.11968;1.1203;1.11948;1.12008;2341229996
05.02.2016 12:20:00.000;1.12009;1.12023;1.11982;1.1201;1908580017
05.02.2016 12:30:00.000;1.12011;1.12011;1.11956;1.11985;2274009979
05.02.2016 12:40:00.000;1.11984;1.11999;1.11927;1.11947;2038079971
05.02.2016 12:50:00.000;1.11946;1.11953;1.11887;1.11948;2661299957
05.02.2016 13:00:00.000;1.11949;1.12;1.11928;1.11935;2046460007
05.02.2016 13:10:00.000;1.11938;1.11985;1.11922;1.11953;1981220016
05.02.2016 13:20:00.000;1.11952;1.1196;1.11925;1.11941;2348019989
05.02.2016 13:30:00.000;1.11941;1.11941;1.11883;1.11899;2517529984
05.02.2016 13:40:00.000;1.11899;1.11925;1.11892;1.11901;2559890030
05.02.2016 13:50:00.000;1.11901;1.11976;1.11898;1.11961;2282269997
05.02.2016 14:00:00.000;1.11961;1.11994;1.1194;1.11985;2795460007
05.02.2016 14:10:00.000;1.11985;1.12066;1.11968;1.12066;3534470001
05.02.2016 14:20:00.000;1.12067;1.12124;1.12015;1.12088;3720329910
05.02.2016 14:30:00.000;1.12109;1.1247;1.1177;1.1179;7168530029
05.02.2016 14:40:00.000;1.11772;1.11807;1.11417;1.11621;7274750000
05.02.2016 14:50:00.000;1.1162;1.11707;1.11508;1.11593;6549509949
05.02.2016 15:00:00.000;1.11594;1.11653;1.11125;1.11274;6393950012
05.02.2016 15:10:00.000;1.11275;1.11394;1.11208;1.11257;4989840057
05.02.2016 15:20:00.000;1.11256;1.11371;1.11177;1.11348;4393589996
05.02.2016 15:30:00.000;1.11349;1.11573;1.11328;1.11431;5767599976
05.02.2016 15:40:00.000;1.11432;1.11651;1.1137;1.11603;5307160004
05.02.2016 15:50:00.000;1.11603;1.11633;1.11361;1.11377;4889239960
05.02.2016 16:00:00.000;1.11376;1.11424;1.11108;1.11245;5403769958
05.02.2016 16:10:00.000;1.11244;1.11255;1.11099;1.11164;4387739990
05.02.2016 16:20:00.000;1.11165;1.11268;1.11088;1.11213;4704150024
05.02.2016 16:30:00.000;1.11214;1.11281;1.11163;1.11248;3957999969
05.02.2016 16:40:00.000;1.11246;1.11354;1.11168;1.11343;4034689972
05.02.2016 16:50:00.000;1.11343;1.11451;1.11304;1.11431;4740140015
05.02.2016 17:00:00.000;1.11429;1.11506;1.11368;1.11404;5178570007
05.02.2016 17:10:00.000;1.11405;1.11464;1.11332;1.11453;4075010040
05.02.2016 17:20:00.000;1.11453;1.11511;1.11406;1.11407;3911149994
05.02.2016 17:30:00.000;1.11409;1.1141;1.11324;1.1135;3559990051
05.02.2016 17:40:00.000;1.11353;1.11392;1.11301;1.11309;3456609955
05.02.2016 17:50:00.000;1.11308;1.11318;1.11239;1.11306;3161139984
05.02.2016 18:00:00.000;1.11306;1.11356;1.1125;1.11352;3201770020
05.02.2016 18:10:00.000;1.11351;1.11424;1.11326;1.11415;2950809998
05.02.2016 18:20:00.000;1.11417;1.11446;1.11373;1.11377;2831250000
05.02.2016 18:30:00.000;1.11379;1.11422;1.11309;1.11319;2359449997
05.02.2016 18:40:00.000;1.1132;1.11366;1.11309;1.11309;1725350006
05.02.2016 18:50:00.000;1.11309;1.11396;1.1129;1.11387;2497839996
05.02.2016 19:00:00.000;1.11387;1.11393;1.11336;1.11358;2246710052
05.02.2016 19:10:00.000;1.11357;1.11433;1.11347;1.11349;2350320007
05.02.2016 19:20:00.000;1.11352;1.11364;1.1131;1.11314;2446429962
05.02.2016 19:30:00.000;1.11315;1.11371;1.11274;1.1136;2454089996
05.02.2016 19:40:00.000;1.1136;1.11425;1.11345;1.11425;2645370010
05.02.2016 19:50:00.000;1.11424;1.11432;1.11333;1.11392;2312309982
05.02.2016 20:00:00.000;1.11393;1.11435;1.11383;1.11428;1791890015
05.02.2016 20:10:00.000;1.11427;1.11473;1.11423;1.11466;1952380005
05.02.2016 20:20:00.000;1.11468;1.11495;1.11433;1.11471;2148529984
05.02.2016 20:30:00.000;1.11471;1.11483;1.11404;1.11408;1919000008
05.02.2016 20:40:00.000;1.11408;1.11447;1.11405;1.11416;2147510010
05.02.2016 20:50:00.000;1.11417;1.11457;1.11394;1.11442;2322299988
05.02.2016 21:00:00.000;1.11445;1.11491;1.1143;1.11486;2302469986
05.02.2016 21:10:00.000;1.11487;1.11502;1.11423;1.1143;1891500023
05.02.2016 21:20:00.000;1.1143;1.11475;1.11419;1.11458;1687669998
05.02.2016 21:30:00.000;1.11459;1.11492;1.11457;1.11479;1897990036
05.02.2016 21:40:00.000;1.11478;1.11504;1.11437;1.11504;2079360008
05.02.2016 21:50:00.000;1.11503;1.11541;1.11499;1.11529;1969879997
05.02.2016 22:00:00.000;1.1153;1.11651;1.1153;1.11641;1700280014
05.02.2016 22:10:00.000;1.11641;1.11652;1.11601;1.1164;1116320007
05.02.2016 22:20:00.000;1.1164;1.11659;1.1162;1.11638;912820015
05.02.2016 22:30:00.000;1.11639;1.11644;1.11589;1.11604;1647480003
05.02.2016 22:40:00.000;1.11604;1.11604;1.11564;1.1159;1286049984
05.02.2016 22:50:00.000;1.11592;1.11598;1.11531;1.11561;1054710018
05.02.2016 23:00:00.000;1.11561;1.11561;1.11561;1.11561;200920001.5
05.02.2016 23:10:00.000;1.11561;1.11561;1.11561;1.11561;154570000.9
05.02.2016 23:20:00.000;1.11561;1.11561;1.11561;1.11561;299890003.2
05.02.2016 23:30:00.000;1.11561;1.11561;1.11561;1.11561;539130000.1
05.02.2016 23:40:00.000;1.11561;1.11561;1.11561;1.11561;788539997.1
05.02.2016 23:50:00.000;1.11561;1.11561;1.11561;1.11561;664430000.3
06.02.2016 00:00:00.000;1.11561;1.11561;1.11561;1.11561;1970019993
06.02.2016 00:10:00.000;1.11561;1.11561;1.11561;1.11561;2507910034
06.02.2016 00:20:00.000;1.11561;1.11561;1.11561;1.11561;2393899998
06.02.2016 00:30:00.000;1.11561;1.11561;1.11561;1.11561;1133030006
06.02.2016 00:40:00.000;1.11561;1.11561;1.11561;1.11561;951099998.5
06.02.2016 00:50:00.000;1.11561;1.11561;1.11561;1.11561;624550013.3
06.02.2016 01:00:00.000;1.11561;1.11561;1.11561;1.11561;1097370003
06.02.2016 01:10:00.000;1.11561;1.11561;1.11561;1.11561;958009998.3
06.02.2016 01:20:00.000;1.11561;1.11561;1.11561;1.11561;678439998.6
06.02.2016 01:30:00.000;1.11561;1.11561;1.11561;1.11561;831649990.1
06.02.2016 01:40:00.000;1.11561;1.11561;1.11561;1.11561;948160006.5
06.02.2016 01:50:00.000;1.11561;1.11561;1.11561;1.11561;1455140011
06.02.2016 02:00:00.000;1.11561;1.11561;1.11561;1.11561;1675899994
06.02.2016 02:10:00.000;1.11561;1.11561;1.11561;1.11561;1164980011
06.02.2016 02:20:00.000;1.11561;1.11561;1.11561;1.11561;1289180000
06.02.2016 02:30:00.000;1.11561;1.11561;1.11561;1.11561;1173710018
06.02.2016 02:40:00.000;1.11561;1.11561;1.11561;1.11561;1017089985
06.02.2016 02:50:00.000;1.11561;1.11561;1.11561;1.11561;992260002.1
06.02.2016 03:00:00.000;1.11561;1.11561;1.11561;1.11561;1034209999
06.02.2016 03:10:00.000;1.11561;1.11561;1.11561;1.11561;742030006.4
06.02.2016 03:20:00.000;1.11561;1.11561;1.11561;1.11561;676340011.6
06.02.2016 03:30:00.000;1.11561;1.11561;1.11561;1.11561;929229995.7
06.02.2016 03:40:00.000;1.11561;1.11561;1.11561;1.11561;906000000
06.02.2016 03:50:00.000;1.11561;1.11561;1.11561;1.11561;1032369995
06.02.2016 04:00:00.000;1.11561;1.11561;1.11561;1.11561;741950000.8
06.02.2016 04:10:00.000;1.11561;1.11561;1.11561;1.11561;753760000.2
06.02.2016 04:20:00.000;1.11561;1.11561;1.11561;1.11561;913329994.2
06.02.2016 04:30:00.000;1.11561;1.11561;1.11561;1.11561;1025230013
06.02.2016 04:40:00.000;1.11561;1.11561;1.11561;1.11561;766010002.1
06.02.2016 04:50:00.000;1.11561;1.11561;1.11561;1.11561;1043210007
06.02.2016 05:00:00.000;1.11561;1.11561;1.11561;1.11561;1423730011
06.02.2016 05:10:00.000;1.11561;1.11561;1.11561;1.11561;741220003.1
06.02.2016 05:20:00.000;1.11561;1.11561;1.11561;1.11561;1571130005
06.02.2016 05:30:00.000;1.11561;1.11561;1.11561;1.11561;1094309990
06.02.2016 05:40:00.000;1.11561;1.11561;1.11561;1.11561;1125639992
06.02.2016 05:50:00.000;1.11561;1.11561;1.11561;1.11561;1063540009
06.02.2016 06:00:00.000;1.11561;1.11561;1.11561;1.11561;1046530003
06.02.2016 06:10:00.000;1.11561;1.11561;1.11561;1.11561;1226040001
06.02.2016 06:20:00.000;1.11561;1.11561;1.11561;1.11561;1207180004
06.02.2016 06:30:00.000;1.11561;1.11561;1.11561;1.11561;987750000
06.02.2016 06:40:00.000;1.11561;1.11561;1.11561;1.11561;1097789997
06.02.2016 06:50:00.000;1.11561;1.11561;1.11561;1.11561;1032349998
06.02.2016 07:00:00.000;1.11561;1.11561;1.11561;1.11561;1179410000
06.02.2016 07:10:00.000;1.11561;1.11561;1.11561;1.11561;983419996.3
06.02.2016 07:20:00.000;1.11561;1.11561;1.11561;1.11561;740280014
06.02.2016 07:30:00.000;1.11561;1.11561;1.11561;1.11561;851919998.2
06.02.2016 07:40:00.000;1.11561;1.11561;1.11561;1.11561;952460010.5
06.02.2016 07:50:00.000;1.11561;1.11561;1.11561;1.11561;1338079998
06.02.2016 08:00:00.000;1.11561;1.11561;1.11561;1.11561;2012400009
06.02.2016 08:10:00.000;1.11561;1.11561;1.11561;1.11561;1786850006
06.02.2016 08:20:00.000;1.11561;1.11561;1.11561;1.11561;1433939987
06.02.2016 08:30:00.000;1.11561;1.11561;1.11561;1.11561;2289229973
06.02.2016 08:40:00.000;1.11561;1.11561;1.11561;1.11561;2195989975
06.02.2016 08:50:00.000;1.11561;1.11561;1.11561;1.11561;1898910004
06.02.2016 09:00:00.000;1.11561;1.11561;1.11561;1.11561;2566370026
06.02.2016 09:10:00.000;1.11561;1.11561;1.11561;1.11561;3232099930
06.02.2016 09:20:00.000;1.11561;1.11561;1.11561;1.11561;3180460022
06.02.2016 09:30:00.000;1.11561;1.11561;1.11561;1.11561;3989799988
06.02.2016 09:40:00.000;1.11561;1.11561;1.11561;1.11561;3258989990
06.02.2016 09:50:00.000;1.11561;1.11561;1.11561;1.11561;3369940033
06.02.2016 10:00:00.000;1.11561;1.11561;1.11561;1.11561;3826519989
06.02.2016 10:10:00.000;1.11561;1.11561;1.11561;1.11561;4689079956
06.02.2016 10:20:00.000;1.11561;1.11561;1.11561;1.11561;4004030029
06.02.2016 10:30:00.000;1.11561;1.11561;1.11561;1.11561;3964720001
06.02.2016 10:40:00.000;1.11561;1.11561;1.11561;1.11561;3214230042
06.02.2016 10:50:00.000;1.11561;1.11561;1.11561;1.11561;4003649994
06.02.2016 11:00:00.000;1.11561;1.11561;1.11561;1.11561;4020830048
06.02.2016 11:10:00.000;1.11561;1.11561;1.11561;1.11561;3673830002
06.02.2016 11:20:00.000;1.11561;1.11561;1.11561;1.11561;3809470032
06.02.2016 11:30:00.000;1.11561;1.11561;1.11561;1.11561;3033439987
06.02.2016 11:40:00.000;1.11561;1.11561;1.11561;1.11561;2585170044
06.02.2016 11:50:00.000;1.11561;1.11561;1.11561;1.11561;2533369995
06.02.2016 12:00:00.000;1.11561;1.11561;1.11561;1.11561;4076110001
06.02.2016 12:10:00.000;1.11561;1.11561;1.11561;1.11561;4678449982
06.02.2016 12:20:00.000;1.11561;1.11561;1.11561;1.11561;5358289948
06.02.2016 12:30:00.000;1.11561;1.11561;1.11561;1.11561;3493189957
06.02.2016 12:40:00.000;1.11561;1.11561;1.11561;1.11561;2916429947
06.02.2016 12:50:00.000;1.11561;1.11561;1.11561;1.11561;2455360001
06.02.2016 13:00:00.000;1.11561;1.11561;1.11561;1.11561;3389850037
06.02.2016 13:10:00.000;1.11561;1.11561;1.11561;1.11561;4059340057
06.02.2016 13:20:00.000;1.11561;1.11561;1.11561;1.11561;4362180023
06.02.2016 13:30:00.000;1.11561;1.11561;1.11561;1.11561;4006709991
06.02.2016 13:40:00.000;1.11561;1.11561;1.11561;1.11561;3900739960
06.02.2016 13:50:00.000;1.11561;1.11561;1.11561;1.11561;4004429993
06.02.2016 14:00:00.000;1.11561;1.11561;1.11561;1.11561;5375109924
06.02.2016 14:10:00.000;1.11561;1.11561;1.11561;1.11561;4932149994
06.02.2016 14:20:00.000;1.11561;1.11561;1.11561;1.11561;4739829987
06.02.2016 14:30:00.000;1.11561;1.11561;1.11561;1.11561;4247769958
06.02.2016 14:40:00.000;1.11561;1.11561;1.11561;1.11561;3475329987
06.02.2016 14:50:00.000;1.11561;1.11561;1.11561;1.11561;4135100037
06.02.2016 15:00:00.000;1.11561;1.11561;1.11561;1.11561;3528900024
06.02.2016 15:10:00.000;1.11561;1.11561;1.11561;1.11561;3409219971
06.02.2016 15:20:00.000;1.11561;1.11561;1.11561;1.11561;3936989960
06.02.2016 15:30:00.000;1.11561;1.11561;1.11561;1.11561;5793390015
06.02.2016 15:40:00.000;1.11561;1.11561;1.11561;1.11561;5827799988
06.02.2016 15:50:00.000;1.11561;1.11561;1.11561;1.11561;4653079987
06.02.2016 16:00:00.000;1.11561;1.11561;1.11561;1.11561;4894310059
06.02.2016 16:10:00.000;1.11561;1.11561;1.11561;1.11561;5387830017
06.02.2016 16:20:00.000;1.11561;1.11561;1.11561;1.11561;5923969971
06.02.2016 16:30:00.000;1.11561;1.11561;1.11561;1.11561;4634279968
06.02.2016 16:40:00.000;1.11561;1.11561;1.11561;1.11561;4642189972
06.02.2016 16:50:00.000;1.11561;1.11561;1.11561;1.11561;4819189972
06.02.2016 17:00:00.000;1.11561;1.11561;1.11561;1.11561;6078810028
06.02.2016 17:10:00.000;1.11561;1.11561;1.11561;1.11561;6803450043
06.02.2016 17:20:00.000;1.11561;1.11561;1.11561;1.11561;4356439972
06.02.2016 17:30:00.000;1.11561;1.11561;1.11561;1.11561;3825609985
06.02.2016 17:40:00.000;1.11561;1.11561;1.11561;1.11561;3832569977
06.02.2016 17:50:00.000;1.11561;1.11561;1.11561;1.11561;3218959976
06.02.2016 18:00:00.000;1.11561;1.11561;1.11561;1.11561;2850560013
06.02.2016 18:10:00.000;1.11561;1.11561;1.11561;1.11561;2859960007
06.02.2016 18:20:00.000;1.11561;1.11561;1.11561;1.11561;2723009979
06.02.2016 18:30:00.000;1.11561;1.11561;1.11561;1.11561;2047529999
06.02.2016 18:40:00.000;1.11561;1.11561;1.11561;1.11561;2585499985
06.02.2016 18:50:00.000;1.11561;1.11561;1.11561;1.11561;2207290024
06.02.2016 19:00:00.000;1.11561;1.11561;1.11561;1.11561;2303160019
06.02.2016 19:10:00.000;1.11561;1.11561;1.11561;1.11561;2448229980
06.02.2016 19:20:00.000;1.11561;1.11561;1.11561;1.11561;2566290009
06.02.2016 19:30:00.000;1.11561;1.11561;1.11561;1.11561;2937220047
06.02.2016 19:40:00.000;1.11561;1.11561;1.11561;1.11561;3544309952
06.02.2016 19:50:00.000;1.11561;1.11561;1.11561;1.11561;2209910019
06.02.2016 20:00:00.000;1.11561;1.11561;1.11561;1.11561;2564850021
06.02.2016 20:10:00.000;1.11561;1.11561;1.11561;1.11561;2512709976
06.02.2016 20:20:00.000;1.11561;1.11561;1.11561;1.11561;2885820023
06.02.2016 20:30:00.000;1.11561;1.11561;1.11561;1.11561;2648919998
06.02.2016 20:40:00.000;1.11561;1.11561;1.11561;1.11561;2411569992
06.02.2016 20:50:00.000;1.11561;1.11561;1.11561;1.11561;3259840012
06.02.2016 21:00:00.000;1.11561;1.11561;1.11561;1.11561;2545400009
06.02.2016 21:10:00.000;1.11561;1.11561;1.11561;1.11561;2580639999
06.02.2016 21:20:00.000;1.11561;1.11561;1.11561;1.11561;2406659988
06.02.2016 21:30:00.000;1.11561;1.11561;1.11561;1.11561;2286869980
06.02.2016 21:40:00.000;1.11561;1.11561;1.11561;1.11561;2288820007
06.02.2016 21:50:00.000;1.11561;1.11561;1.11561;1.11561;2012460014
06.02.2016 22:00:00.000;1.11561;1.11561;1.11561;1.11561;1677919968
06.02.2016 22:10:00.000;1.11561;1.11561;1.11561;1.11561;1797819977
06.02.2016 22:20:00.000;1.11561;1.11561;1.11561;1.11561;1134010002
06.02.2016 22:30:00.000;1.11561;1.11561;1.11561;1.11561;636359993
06.02.2016 22:40:00.000;1.11561;1.11561;1.11561;1.11561;838979994.8
06.02.2016 22:50:00.000;1.11561;1.11561;1.11561;1.11561;846230003.4
06.02.2016 23:00:00.000;1.11561;1.11561;1.11561;1.11561;106540000.7
06.02.2016 23:10:00.000;1.11561;1.11561;1.11561;1.11561;380259996.4
06.02.2016 23:20:00.000;1.11561;1.11561;1.11561;1.11561;703310012.8
06.02.2016 23:30:00.000;1.11561;1.11561;1.11561;1.11561;614559997.6
06.02.2016 23:40:00.000;1.11561;1.11561;1.11561;1.11561;1184499984
06.02.2016 23:50:00.000;1.11561;1.11561;1.11561;1.11561;1575899975
07.02.2016 00:00:00.000;1.11561;1.11561;1.11561;1.11561;2067830009
07.02.2016 00:10:00.000;1.11561;1.11561;1.11561;1.11561;1336090004
07.02.2016 00:20:00.000;1.11561;1.11561;1.11561;1.11561;999069995.9
07.02.2016 00:30:00.000;1.11561;1.11561;1.11561;1.11561;439759997.4
07.02.2016 00:40:00.000;1.11561;1.11561;1.11561;1.11561;354760006.9
07.02.2016 00:50:00.000;1.11561;1.11561;1.11561;1.11561;545009998.3
07.02.2016 01:00:00.000;1.11561;1.11561;1.11561;1.11561;1019579998
07.02.2016 01:10:00.000;1.11561;1.11561;1.11561;1.11561;1270240013
07.02.2016 01:20:00.000;1.11561;1.11561;1.11561;1.11561;1573619987
07.02.2016 01:30:00.000;1.11561;1.11561;1.11561;1.11561;1405369987
07.02.2016 01:40:00.000;1.11561;1.11561;1.11561;1.11561;2359190018
07.02.2016 01:50:00.000;1.11561;1.11561;1.11561;1.11561;1886989998
07.02.2016 02:00:00.000;1.11561;1.11561;1.11561;1.11561;1919970009
07.02.2016 02:10:00.000;1.11561;1.11561;1.11561;1.11561;2034369995
07.02.2016 02:20:00.000;1.11561;1.11561;1.11561;1.11561;1222959991
07.02.2016 02:30:00.000;1.11561;1.11561;1.11561;1.11561;1653939995
07.02.2016 02:40:00.000;1.11561;1.11561;1.11561;1.11561;1248390007
07.02.2016 02:50:00.000;1.11561;1.11561;1.11561;1.11561;1217889996
07.02.2016 03:00:00.000;1.11561;1.11561;1.11561;1.11561;1103679985
07.02.2016 03:10:00.000;1.11561;1.11561;1.11561;1.11561;412040002.8
07.02.2016 03:20:00.000;1.11561;1.11561;1.11561;1.11561;1057340004
07.02.2016 03:30:00.000;1.11561;1.11561;1.11561;1.11561;2213389999
07.02.2016 03:40:00.000;1.11561;1.11561;1.11561;1.11561;1977600021
07.02.2016 03:50:00.000;1.11561;1.11561;1.11561;1.11561;1257159988
07.02.2016 04:00:00.000;1.11561;1.11561;1.11561;1.11561;1189410000
07.02.2016 04:10:00.000;1.11561;1.11561;1.11561;1.11561;1483530022
07.02.2016 04:20:00.000;1.11561;1.11561;1.11561;1.11561;1722250000
07.02.2016 04:30:00.000;1.11561;1.11561;1.11561;1.11561;1787909996
07.02.2016 04:40:00.000;1.11561;1.11561;1.11561;1.11561;2288509995
07.02.2016 04:50:00.000;1.11561;1.11561;1.11561;1.11561;1812409973
07.02.2016 05:00:00.000;1.11561;1.11561;1.11561;1.11561;1680110016
07.02.2016 05:10:00.000;1.11561;1.11561;1.11561;1.11561;1928330009
07.02.2016 05:20:00.000;1.11561;1.11561;1.11561;1.11561;1439410004
07.02.2016 05:30:00.000;1.11561;1.11561;1.11561;1.11561;1648090012
07.02.2016 05:40:00.000;1.11561;1.11561;1.11561;1.11561;1504749992
07.02.2016 05:50:00.000;1.11561;1.11561;1.11561;1.11561;1711430016
07.02.2016 06:00:00.000;1.11561;1.11561;1.11561;1.11561;1364009995
07.02.2016 06:10:00.000;1.11561;1.11561;1.11561;1.11561;1325779984
07.02.2016 06:20:00.000;1.11561;1.11561;1.11561;1.11561;1338470001
07.02.2016 06:30:00.000;1.11561;1.11561;1.11561;1.11561;1499840012
07.02.2016 06:40:00.000;1.11561;1.11561;1.11561;1.11561;1277799988
07.02.2016 06:50:00.000;1.11561;1.11561;1.11561;1.11561;972749996.2
07.02.2016 07:00:00.000;1.11561;1.11561;1.11561;1.11561;1161250008
07.02.2016 07:10:00.000;1.11561;1.11561;1.11561;1.11561;1226879986
07.02.2016 07:20:00.000;1.11561;1.11561;1.11561;1.11561;1063169991
07.02.2016 07:30:00.000;1.11561;1.11561;1.11561;1.11561;1013139996
07.02.2016 07:40:00.000;1.11561;1.11561;1.11561;1.11561;796899990.1
07.02.2016 07:50:00.000;1.11561;1.11561;1.11561;1.11561;1132759987
07.02.2016 08:00:00.000;1.11561;1.11561;1.11561;1.11561;2519010010
07.02.2016 08:10:00.000;1.11561;1.11561;1.11561;1.11561;2118069977
07.02.2016 08:20:00.000;1.11561;1.11561;1.11561;1.11561;2963079956
07.02.2016 08:30:00.000;1.11561;1.11561;1.11561;1.11561;2969289963
07.02.2016 08:40:00.000;1.11561;1.11561;1.11561;1.11561;3031469955
07.02.2016 08:50:00.000;1.11561;1.11561;1.11561;1.11561;3319490051
07.02.2016 09:00:00.000;1.11561;1.11561;1.11561;1.11561;4362419983
07.02.2016 09:10:00.000;1.11561;1.11561;1.11561;1.11561;4301140015
07.02.2016 09:20:00.000;1.11561;1.11561;1.11561;1.11561;3883269958
07.02.2016 09:30:00.000;1.11561;1.11561;1.11561;1.11561;3985439972
07.02.2016 09:40:00.000;1.11561;1.11561;1.11561;1.11561;3758209991
07.02.2016 09:50:00.000;1.11561;1.11561;1.11561;1.11561;3549070007
07.02.2016 10:00:00.000;1.11561;1.11561;1.11561;1.11561;3864199982
07.02.2016 10:10:00.000;1.11561;1.11561;1.11561;1.11561;4328200012
07.02.2016 10:20:00.000;1.11561;1.11561;1.11561;1.11561;3293109985
07.02.2016 10:30:00.000;1.11561;1.11561;1.11561;1.11561;3366919968
07.02.2016 10:40:00.000;1.11561;1.11561;1.11561;1.11561;3767199982
07.02.2016 10:50:00.000;1.11561;1.11561;1.11561;1.11561;3608609985
07.02.2016 11:00:00.000;1.11561;1.11561;1.11561;1.11561;3758640015
07.02.2016 11:10:00.000;1.11561;1.11561;1.11561;1.11561;3504279999
07.02.2016 11:20:00.000;1.11561;1.11561;1.11561;1.11561;3606520004
07.02.2016 11:30:00.000;1.11561;1.11561;1.11561;1.11561;3745319992
07.02.2016 11:40:00.000;1.11561;1.11561;1.11561;1.11561;3727880035
07.02.2016 11:50:00.000;1.11561;1.11561;1.11561;1.11561;3209579971
07.02.2016 12:00:00.000;1.11561;1.11561;1.11561;1.11561;3111839966
07.02.2016 12:10:00.000;1.11561;1.11561;1.11561;1.11561;2897069977
07.02.2016 12:20:00.000;1.11561;1.11561;1.11561;1.11561;2652120010
07.02.2016 12:30:00.000;1.11561;1.11561;1.11561;1.11561;2683820007
07.02.2016 12:40:00.000;1.11561;1.11561;1.11561;1.11561;3362089996
07.02.2016 12:50:00.000;1.11561;1.11561;1.11561;1.11561;3560830032
07.02.2016 13:00:00.000;1.11561;1.11561;1.11561;1.11561;3607600006
07.02.2016 13:10:00.000;1.11561;1.11561;1.11561;1.11561;4013700012
07.02.2016 13:20:00.000;1.11561;1.11561;1.11561;1.11561;3815369995
07.02.2016 13:30:00.000;1.11561;1.11561;1.11561;1.11561;4073209930
07.02.2016 13:40:00.000;1.11561;1.11561;1.11561;1.11561;3609759979
07.02.2016 13:50:00.000;1.11561;1.11561;1.11561;1.11561;3644369995
07.02.2016 14:00:00.000;1.11561;1.11561;1.11561;1.11561;4776149994
07.02.2016 14:10:00.000;1.11561;1.11561;1.11561;1.11561;4683109955
07.02.2016 14:20:00.000;1.11561;1.11561;1.11561;1.11561;4508879974
07.02.2016 14:30:00.000;1.11561;1.11561;1.11561;1.11561;5695019958
07.02.2016 14:40:00.000;1.11561;1.11561;1.11561;1.11561;5593480011
07.02.2016 14:50:00.000;1.11561;1.11561;1.11561;1.11561;5238369934
07.02.2016 15:00:00.000;1.11561;1.11561;1.11561;1.11561;5270420074
07.02.2016 15:10:00.000;1.11561;1.11561;1.11561;1.11561;4974989990
07.02.2016 15:20:00.000;1.11561;1.11561;1.11561;1.11561;4189679993
07.02.2016 15:30:00.000;1.11561;1.11561;1.11561;1.11561;5903880005
07.02.2016 15:40:00.000;1.11561;1.11561;1.11561;1.11561;5641900024
07.02.2016 15:50:00.000;1.11561;1.11561;1.11561;1.11561;5270410034
07.02.2016 16:00:00.000;1.11561;1.11561;1.11561;1.11561;6076189972
07.02.2016 16:10:00.000;1.11561;1.11561;1.11561;1.11561;6572239929
07.02.2016 16:20:00.000;1.11561;1.11561;1.11561;1.11561;5344350067
07.02.2016 16:30:00.000;1.11561;1.11561;1.11561;1.11561;5486819916
07.02.2016 16:40:00.000;1.11561;1.11561;1.11561;1.11561;5830309998
07.02.2016 16:50:00.000;1.11561;1.11561;1.11561;1.11561;5457219971
07.02.2016 17:00:00.000;1.11561;1.11561;1.11561;1.11561;6728539978
07.02.2016 17:10:00.000;1.11561;1.11561;1.11561;1.11561;5676970093
07.02.2016 17:20:00.000;1.11561;1.11561;1.11561;1.11561;4643309998
07.02.2016 17:30:00.000;1.11561;1.11561;1.11561;1.11561;4006980011
07.02.2016 17:40:00.000;1.11561;1.11561;1.11561;1.11561;4230080017
07.02.2016 17:50:00.000;1.11561;1.11561;1.11561;1.11561;4186419983
07.02.2016 18:00:00.000;1.11561;1.11561;1.11561;1.11561;3569619995
07.02.2016 18:10:00.000;1.11561;1.11561;1.11561;1.11561;3509070007
07.02.2016 18:20:00.000;1.11561;1.11561;1.11561;1.11561;3714309998
07.02.2016 18:30:00.000;1.11561;1.11561;1.11561;1.11561;3308390015
07.02.2016 18:40:00.000;1.11561;1.11561;1.11561;1.11561;2979169998
07.02.2016 18:50:00.000;1.11561;1.11561;1.11561;1.11561;3739679993
07.02.2016 19:00:00.000;1.11561;1.11561;1.11561;1.11561;2915529968
07.02.2016 19:10:00.000;1.11561;1.11561;1.11561;1.11561;3047909958
07.02.2016 19:20:00.000;1.11561;1.11561;1.11561;1.11561;2776590027
07.02.2016 19:30:00.000;1.11561;1.11561;1.11561;1.11561;3729460068
07.02.2016 19:40:00.000;1.11561;1.11561;1.11561;1.11561;5343410004
07.02.2016 19:50:00.000;1.11561;1.11561;1.11561;1.11561;2798020035
07.02.2016 20:00:00.000;1.11561;1.11561;1.11561;1.11561;2925409943
07.02.2016 20:10:00.000;1.11561;1.11561;1.11561;1.11561;2981269974
07.02.2016 20:20:00.000;1.11561;1.11561;1.11561;1.11561;2647319977
07.02.2016 20:30:00.000;1.11561;1.11561;1.11561;1.11561;1812290009
07.02.2016 20:40:00.000;1.11561;1.11561;1.11561;1.11561;2859969971
07.02.2016 20:50:00.000;1.11561;1.11561;1.11561;1.11561;2657090012
07.02.2016 21:00:00.000;1.11561;1.11561;1.11561;1.11561;3175409988
07.02.2016 21:10:00.000;1.11561;1.11561;1.11561;1.11561;2840560028
07.02.2016 21:20:00.000;1.11561;1.11561;1.11561;1.11561;3427960022
07.02.2016 21:30:00.000;1.11561;1.11561;1.11561;1.11561;2453929993
07.02.2016 21:40:00.000;1.11561;1.11561;1.11561;1.11561;2373239990
07.02.2016 21:50:00.000;1.11561;1.11561;1.11561;1.11561;2104389999
07.02.2016 22:00:00.000;1.11561;1.11561;1.11561;1.11561;1246680000
07.02.2016 22:10:00.000;1.11561;1.11561;1.11561;1.11561;953810009
07.02.2016 22:20:00.000;1.11561;1.11561;1.11561;1.11561;813449993.1
07.02.2016 22:30:00.000;1.11561;1.11561;1.11561;1.11561;1233890026
07.02.2016 22:40:00.000;1.11561;1.11561;1.11561;1.11561;967449996.9
07.02.2016 22:50:00.000;1.11561;1.11561;1.11561;1.11561;751930000.3
07.02.2016 23:00:00.000;1.1142;1.11465;1.1142;1.11458;268679999.4
07.02.2016 23:10:00.000;1.11458;1.11462;1.11447;1.1145;536299991.6
07.02.2016 23:20:00.000;1.1145;1.11452;1.11423;1.11426;344829999.9
07.02.2016 23:30:00.000;1.11426;1.11462;1.11425;1.11448;489040000.9
07.02.2016 23:40:00.000;1.11449;1.1145;1.11435;1.11441;570769998.6
07.02.2016 23:50:00.000;1.11442;1.11456;1.11439;1.11454;537230000.5
08.02.2016 00:00:00.000;1.11456;1.11486;1.11455;1.11469;1909099998
08.02.2016 00:10:00.000;1.1147;1.11485;1.11435;1.11436;1029269993
08.02.2016 00:20:00.000;1.11436;1.11441;1.11418;1.1142;451829999
08.02.2016 00:30:00.000;1.1142;1.11428;1.11417;1.11425;548780002.6
08.02.2016 00:40:00.000;1.11425;1.1144;1.11421;1.11435;965129997.3
08.02.2016 00:50:00.000;1.11435;1.11443;1.11429;1.11434;609069997.8
08.02.2016 01:00:00.000;1.11434;1.11441;1.11417;1.1144;1199810005
08.02.2016 01:10:00.000;1.1144;1.11443;1.11392;1.11404;1493229988
08.02.2016 01:20:00.000;1.11404;1.1143;1.11386;1.11393;1356399994
08.02.2016 01:30:00.000;1.11394;1.114;1.11352;1.11354;1351920013
08.02.2016 01:40:00.000;1.11353;1.11376;1.11342;1.11369;1210059975
08.02.2016 01:50:00.000;1.1137;1.11434;1.11364;1.11426;1805399986
08.02.2016 02:00:00.000;1.11427;1.11482;1.11427;1.11472;1618299995
08.02.2016 02:10:00.000;1.11471;1.11497;1.11447;1.11469;1506959991
08.02.2016 02:20:00.000;1.11468;1.11492;1.11434;1.1144;1960889984
08.02.2016 02:30:00.000;1.11439;1.11486;1.11433;1.11481;1632020004
08.02.2016 02:40:00.000;1.11481;1.11488;1.11456;1.11459;1727609978
08.02.2016 02:50:00.000;1.11458;1.11462;1.1143;1.11438;1363999985
08.02.2016 03:00:00.000;1.1144;1.11448;1.11414;1.11415;1486809998
08.02.2016 03:10:00.000;1.11416;1.11431;1.11404;1.11407;2627569984
08.02.2016 03:20:00.000;1.11407;1.11421;1.11384;1.11387;1816949989
08.02.2016 03:30:00.000;1.11386;1.11389;1.11349;1.11352;1451379997
08.02.2016 03:40:00.000;1.11353;1.11365;1.1134;1.11362;996529991.1
08.02.2016 03:50:00.000;1.11361;1.11363;1.11352;1.1136;1376320007
08.02.2016 04:00:00.000;1.1136;1.1136;1.11345;1.11347;921049995.4
08.02.2016 04:10:00.000;1.11348;1.11357;1.11344;1.11352;1386879990
08.02.2016 04:20:00.000;1.11352;1.11368;1.11348;1.11362;949599994.7
08.02.2016 04:30:00.000;1.11363;1.11393;1.11349;1.11391;1584200012
08.02.2016 04:40:00.000;1.1139;1.11395;1.11368;1.11371;1161860001
08.02.2016 04:50:00.000;1.1137;1.11373;1.11305;1.11317;1640330017
08.02.2016 05:00:00.000;1.11317;1.11348;1.11301;1.11344;1091719986
08.02.2016 05:10:00.000;1.11343;1.11367;1.11343;1.11354;1534959999
08.02.2016 05:20:00.000;1.11353;1.11366;1.11284;1.11287;1239780006
08.02.2016 05:30:00.000;1.11288;1.11317;1.11283;1.11316;1985010002
08.02.2016 05:40:00.000;1.11316;1.11321;1.11296;1.11308;1506709999
08.02.2016 05:50:00.000;1.11307;1.11324;1.11306;1.11321;1701489998
08.02.2016 06:00:00.000;1.11321;1.11322;1.11295;1.1131;1386429985
08.02.2016 06:10:00.000;1.11312;1.11322;1.11305;1.11319;979610008.2
08.02.2016 06:20:00.000;1.1132;1.11327;1.11304;1.11304;1238040001
08.02.2016 06:30:00.000;1.11304;1.11336;1.11291;1.11335;1491329994
08.02.2016 06:40:00.000;1.11335;1.11372;1.11334;1.11359;1277830002
08.02.2016 06:50:00.000;1.11359;1.11395;1.11348;1.11388;1036730011
08.02.2016 07:00:00.000;1.11388;1.11392;1.11347;1.1136;1443830002
08.02.2016 07:10:00.000;1.11361;1.11382;1.11353;1.11363;1197959999
08.02.2016 07:20:00.000;1.11363;1.1138;1.11359;1.11377;1029210010
08.02.2016 07:30:00.000;1.11377;1.11394;1.1136;1.11366;921899997.7
08.02.2016 07:40:00.000;1.11368;1.11396;1.11366;1.11394;1130339993
08.02.2016 07:50:00.000;1.11393;1.11434;1.11389;1.1142;1298800026
08.02.2016 08:00:00.000;1.11419;1.11438;1.11371;1.11434;2121130005
08.02.2016 08:10:00.000;1.11432;1.11468;1.11415;1.11468;2696090012
08.02.2016 08:20:00.000;1.11468;1.11476;1.11425;1.11435;2089130020
08.02.2016 08:30:00.000;1.11434;1.11477;1.1139;1.1145;2447750015
08.02.2016 08:40:00.000;1.11451;1.11506;1.11391;1.11395;3100219986
08.02.2016 08:50:00.000;1.11396;1.1141;1.11358;1.11374;2924809952
08.02.2016 09:00:00.000;1.11374;1.1145;1.11355;1.11446;4402850037
08.02.2016 09:10:00.000;1.11446;1.11512;1.11436;1.11507;5087699982
08.02.2016 09:20:00.000;1.11508;1.11584;1.11464;1.1158;5030419983
08.02.2016 09:30:00.000;1.11582;1.11611;1.11543;1.11565;4204840027
08.02.2016 09:40:00.000;1.11566;1.11578;1.11481;1.11501;3634860001
08.02.2016 09:50:00.000;1.11504;1.11547;1.11476;1.11547;3357740005
08.02.2016 10:00:00.000;1.11547;1.11609;1.11524;1.11571;4431729980
08.02.2016 10:10:00.000;1.1157;1.11754;1.11555;1.11744;3618959961
08.02.2016 10:20:00.000;1.11745;1.11829;1.11724;1.11802;3396690002
08.02.2016 10:30:00.000;1.11802;1.11824;1.1174;1.11757;3761149979
08.02.2016 10:40:00.000;1.11758;1.11792;1.11738;1.11749;3776030029
08.02.2016 10:50:00.000;1.11749;1.11818;1.11743;1.11787;3961599976
08.02.2016 11:00:00.000;1.11786;1.11817;1.11707;1.11815;3587959991
08.02.2016 11:10:00.000;1.11815;1.1184;1.11751;1.11797;2791270020
08.02.2016 11:20:00.000;1.11795;1.11817;1.11719;1.11738;2697950012
08.02.2016 11:30:00.000;1.11743;1.11782;1.11706;1.11706;3443829987
08.02.2016 11:40:00.000;1.11707;1.11742;1.11669;1.11671;3016889984
08.02.2016 11:50:00.000;1.11671;1.11707;1.11621;1.11621;3331300018
08.02.2016 12:00:00.000;1.1162;1.11655;1.11476;1.11521;3458009979
08.02.2016 12:10:00.000;1.11523;1.11528;1.11215;1.11293;3058720001
08.02.2016 12:20:00.000;1.11292;1.1135;1.11096;1.11097;3533469986
08.02.2016 12:30:00.000;1.11096;1.11193;1.11095;1.11185;2576029999
08.02.2016 12:40:00.000;1.11184;1.11242;1.11156;1.11225;2598690002
08.02.2016 12:50:00.000;1.11223;1.11278;1.11211;1.11211;2729429977
08.02.2016 13:00:00.000;1.11212;1.11279;1.11203;1.11247;3398529999
08.02.2016 13:10:00.000;1.11247;1.11296;1.1115;1.11176;3067639999
08.02.2016 13:20:00.000;1.11178;1.11247;1.11121;1.11195;2718600006
08.02.2016 13:30:00.000;1.11197;1.11197;1.11125;1.11192;3447619995
08.02.2016 13:40:00.000;1.11191;1.11249;1.11179;1.11227;3508920013
08.02.2016 13:50:00.000;1.11227;1.11276;1.11158;1.11165;3295910004
08.02.2016 14:00:00.000;1.11166;1.11195;1.10991;1.11071;3632030029
08.02.2016 14:10:00.000;1.11071;1.11079;1.10904;1.10919;4776039978
08.02.2016 14:20:00.000;1.1092;1.10931;1.10865;1.10891;3766310028
08.02.2016 14:30:00.000;1.10891;1.10993;1.10866;1.10916;7474800049
08.02.2016 14:40:00.000;1.1092;1.11022;1.1091;1.1098;5722410034
08.02.2016 14:50:00.000;1.10977;1.11061;1.10911;1.11043;5185679962
08.02.2016 15:00:00.000;1.11045;1.11145;1.11041;1.11129;4980360046
08.02.2016 15:10:00.000;1.1113;1.11132;1.11041;1.11046;5418179932
08.02.2016 15:20:00.000;1.11047;1.11174;1.11047;1.11169;4993579926
08.02.2016 15:30:00.000;1.11168;1.11349;1.11162;1.1126;6046950073
08.02.2016 15:40:00.000;1.1126;1.11336;1.11205;1.11297;5628139893
08.02.2016 15:50:00.000;1.11298;1.11367;1.11281;1.11311;5327129974
08.02.2016 16:00:00.000;1.11316;1.11357;1.11235;1.11336;5852460052
08.02.2016 16:10:00.000;1.11338;1.11437;1.11273;1.11394;6189679810
08.02.2016 16:20:00.000;1.11394;1.1146;1.11285;1.11376;6304219940
08.02.2016 16:30:00.000;1.11376;1.114;1.11275;1.11339;6325440094
08.02.2016 16:40:00.000;1.11339;1.11441;1.11307;1.11369;5445339935
08.02.2016 16:50:00.000;1.11368;1.11463;1.11322;1.11453;8162030090
08.02.2016 17:00:00.000;1.11453;1.11916;1.11449;1.11909;7701439941
08.02.2016 17:10:00.000;1.11912;1.11966;1.11718;1.1172;6736810059
08.02.2016 17:20:00.000;1.11721;1.11836;1.11721;1.11764;5512790009
08.02.2016 17:30:00.000;1.11764;1.11912;1.11748;1.1187;5132640106
08.02.2016 17:40:00.000;1.11869;1.11889;1.11737;1.11758;5620140045
08.02.2016 17:50:00.000;1.11757;1.11776;1.11688;1.11691;4786900024
08.02.2016 18:00:00.000;1.11689;1.11724;1.11638;1.11678;4695440033
08.02.2016 18:10:00.000;1.11678;1.11729;1.11635;1.11643;4648319977
08.02.2016 18:20:00.000;1.11644;1.11644;1.11565;1.11631;4029790039
08.02.2016 18:30:00.000;1.11632;1.11695;1.11573;1.11675;3807470001
08.02.2016 18:40:00.000;1.11676;1.11715;1.11603;1.11639;2848780029
08.02.2016 18:50:00.000;1.11639;1.1167;1.11588;1.11648;2940080002
08.02.2016 19:00:00.000;1.11648;1.11726;1.11617;1.11685;3354180023
08.02.2016 19:10:00.000;1.11686;1.11738;1.11677;1.117;3407029968
08.02.2016 19:20:00.000;1.11701;1.1176;1.11662;1.11743;3147190033
08.02.2016 19:30:00.000;1.11742;1.11827;1.11708;1.11799;2891820038
08.02.2016 19:40:00.000;1.11799;1.11917;1.11793;1.1191;2561449982
08.02.2016 19:50:00.000;1.11909;1.11922;1.11856;1.11899;2550250000
08.02.2016 20:00:00.000;1.11899;1.11923;1.11838;1.11891;2642970001
08.02.2016 20:10:00.000;1.11892;1.11937;1.11866;1.11917;3853339996
08.02.2016 20:20:00.000;1.11917;1.11962;1.11902;1.11911;3716110046
08.02.2016 20:30:00.000;1.11911;1.12026;1.11911;1.12005;2917519958
08.02.2016 20:40:00.000;1.12006;1.1204;1.11955;1.12012;2957150009
08.02.2016 20:50:00.000;1.12013;1.12144;1.11985;1.12118;3446399994
08.02.2016 21:00:00.000;1.12122;1.12159;1.12013;1.12059;2658859985
08.02.2016 21:10:00.000;1.12057;1.12099;1.11997;1.12017;2092719971
08.02.2016 21:20:00.000;1.12018;1.12069;1.11997;1.12023;2365620010
08.02.2016 21:30:00.000;1.12025;1.12074;1.11986;1.12052;3677909973
08.02.2016 21:40:00.000;1.12053;1.12065;1.11873;1.1188;3744770050
08.02.2016 21:50:00.000;1.11882;1.11945;1.11878;1.11901;2502890045
08.02.2016 22:00:00.000;1.11901;1.11917;1.11837;1.11901;1517169991
08.02.2016 22:10:00.000;1.11901;1.1197;1.11901;1.11943;1046380005
08.02.2016 22:20:00.000;1.11942;1.11962;1.11938;1.1196;1577899986
08.02.2016 22:30:00.000;1.11959;1.11979;1.11948;1.11964;1522020012
08.02.2016 22:40:00.000;1.11964;1.11967;1.11931;1.11932;1424890022
08.02.2016 22:50:00.000;1.11931;1.11946;1.11919;1.11926;2420250015
08.02.2016 23:00:00.000;1.11926;1.11932;1.11921;1.11928;538959993.4
08.02.2016 23:10:00.000;1.11927;1.11944;1.11927;1.11943;475070009.2
08.02.2016 23:20:00.000;1.11942;1.11985;1.1194;1.11972;650179988.9
08.02.2016 23:30:00.000;1.11972;1.12028;1.11971;1.12018;791939996.7
08.02.2016 23:40:00.000;1.12017;1.1202;1.11975;1.11983;1098010002
08.02.2016 23:50:00.000;1.11984;1.12021;1.11952;1.11993;1343910004
09.02.2016 00:00:00.000;1.11991;1.11992;1.11959;1.11971;1415870018
09.02.2016 00:10:00.000;1.11972;1.12001;1.11968;1.11979;1345549980
09.02.2016 00:20:00.000;1.11978;1.11995;1.11976;1.11985;1889729986
09.02.2016 00:30:00.000;1.11985;1.11989;1.11957;1.11957;1094250015
09.02.2016 00:40:00.000;1.11957;1.11959;1.11901;1.11901;1840219975
09.02.2016 00:50:00.000;1.11901;1.11909;1.11868;1.1189;1649239990
09.02.2016 01:00:00.000;1.1189;1.11939;1.11874;1.11884;1439429985
09.02.2016 01:10:00.000;1.11885;1.11915;1.11878;1.1191;1843860031
09.02.2016 01:20:00.000;1.1191;1.11921;1.11871;1.11873;1404119995
09.02.2016 01:30:00.000;1.11873;1.11894;1.11846;1.11889;1912209991
09.02.2016 01:40:00.000;1.11889;1.12036;1.11886;1.12016;2627090012
09.02.2016 01:50:00.000;1.12015;1.12091;1.11998;1.1201;2199360001
09.02.2016 02:00:00.000;1.1201;1.12119;1.12008;1.12101;1971580009
09.02.2016 02:10:00.000;1.121;1.1212;1.12014;1.12113;1953289993
09.02.2016 02:20:00.000;1.12116;1.12131;1.12066;1.12074;1462919998
09.02.2016 02:30:00.000;1.12075;1.12098;1.12022;1.12042;1911609985
09.02.2016 02:40:00.000;1.12043;1.1206;1.12011;1.12049;1454049988
09.02.2016 02:50:00.000;1.12049;1.12096;1.12045;1.12083;1367260002
09.02.2016 03:00:00.000;1.12083;1.12122;1.12058;1.12067;1342360001
09.02.2016 03:10:00.000;1.12066;1.12073;1.12032;1.12064;1419259995
09.02.2016 03:20:00.000;1.12063;1.12076;1.12021;1.12036;1489399994
09.02.2016 03:30:00.000;1.12035;1.12206;1.1201;1.12206;1606979988
09.02.2016 03:40:00.000;1.12206;1.12254;1.12147;1.12159;1460140007
09.02.2016 03:50:00.000;1.12159;1.12224;1.12147;1.12155;1832649994
09.02.2016 04:00:00.000;1.12155;1.12216;1.12149;1.12167;1920519997
09.02.2016 04:10:00.000;1.12167;1.12322;1.12161;1.12295;1771370041
09.02.2016 04:20:00.000;1.12294;1.12376;1.12237;1.12342;1415740005
09.02.2016 04:30:00.000;1.12341;1.12346;1.12256;1.12267;1113989990
09.02.2016 04:40:00.000;1.12268;1.12272;1.12104;1.12105;1395780022
09.02.2016 04:50:00.000;1.12105;1.12138;1.12045;1.121;1447280006
09.02.2016 05:00:00.000;1.121;1.12145;1.12085;1.12101;1153450008
09.02.2016 05:10:00.000;1.12101;1.12128;1.12011;1.12092;1646899986
09.02.2016 05:20:00.000;1.12094;1.12112;1.1206;1.1208;1307770012
09.02.2016 05:30:00.000;1.1208;1.12123;1.12059;1.1207;1262010002
09.02.2016 05:40:00.000;1.1207;1.12088;1.12019;1.12062;1011630005
09.02.2016 05:50:00.000;1.12063;1.12085;1.1205;1.12085;975389999.4
09.02.2016 06:00:00.000;1.12084;1.12097;1.12074;1.1209;1376859993
09.02.2016 06:10:00.000;1.1209;1.12098;1.12064;1.12069;860989990.2
09.02.2016 06:20:00.000;1.12069;1.12083;1.12051;1.12056;1447529999
09.02.2016 06:30:00.000;1.12056;1.12061;1.11998;1.12035;1156349991
09.02.2016 06:40:00.000;1.12035;1.12051;1.11977;1.1204;1646639977
09.02.2016 06:50:00.000;1.12039;1.12073;1.12017;1.12066;1107970001
09.02.2016 07:00:00.000;1.12065;1.12121;1.12063;1.12069;1066010017
09.02.2016 07:10:00.000;1.1207;1.12134;1.12047;1.12117;1565489998
09.02.2016 07:20:00.000;1.12117;1.12124;1.12075;1.12089;1765550003
09.02.2016 07:30:00.000;1.12088;1.12114;1.12035;1.12054;1573520012
09.02.2016 07:40:00.000;1.12053;1.12067;1.12003;1.12015;1318849998
09.02.2016 07:50:00.000;1.12014;1.12027;1.11943;1.11943;1289959999
09.02.2016 08:00:00.000;1.11948;1.12134;1.11899;1.12035;2296860001
09.02.2016 08:10:00.000;1.12035;1.12058;1.11943;1.11974;2606420013
09.02.2016 08:20:00.000;1.11977;1.11998;1.11856;1.11856;2059420013
09.02.2016 08:30:00.000;1.11855;1.11929;1.11805;1.11822;2198950012
09.02.2016 08:40:00.000;1.11823;1.11871;1.11774;1.11813;2698620010
09.02.2016 08:50:00.000;1.11812;1.11846;1.11786;1.11823;2975069962
09.02.2016 09:00:00.000;1.11822;1.11827;1.11678;1.11772;3753809998
09.02.2016 09:10:00.000;1.11774;1.11857;1.11676;1.11853;3636000000
09.02.2016 09:20:00.000;1.11851;1.12009;1.11851;1.12002;5256659943
09.02.2016 09:30:00.000;1.12001;1.12019;1.11907;1.11941;4857130066
09.02.2016 09:40:00.000;1.11939;1.11975;1.11862;1.11871;6721510010
09.02.2016 09:50:00.000;1.11869;1.11885;1.11751;1.11751;6008009979
09.02.2016 10:00:00.000;1.11754;1.11828;1.11651;1.11713;5137799957
09.02.2016 10:10:00.000;1.11715;1.11756;1.11624;1.11742;5761859955
09.02.2016 10:20:00.000;1.11741;1.11785;1.11718;1.11766;4989070007
09.02.2016 10:30:00.000;1.11766;1.11842;1.11698;1.11839;4582729980
09.02.2016 10:40:00.000;1.11837;1.119;1.11816;1.11877;3698680023
09.02.2016 10:50:00.000;1.11876;1.11896;1.11804;1.11854;3915950012
09.02.2016 11:00:00.000;1.11855;1.11962;1.11829;1.11854;3278330078
09.02.2016 11:10:00.000;1.11855;1.11929;1.11839;1.11917;4950319916
09.02.2016 11:20:00.000;1.11916;1.11923;1.11871;1.11917;3066190033
09.02.2016 11:30:00.000;1.11917;1.12072;1.11915;1.12037;2931100006
09.02.2016 11:40:00.000;1.12036;1.12114;1.11961;1.12061;2668259979
09.02.2016 11:50:00.000;1.12062;1.12116;1.12042;1.12114;2404169983
09.02.2016 12:00:00.000;1.12115;1.12207;1.12056;1.12197;2970409973
09.02.2016 12:10:00.000;1.12197;1.12211;1.12152;1.12171;2595690033
09.02.2016 12:20:00.000;1.1217;1.12205;1.12119;1.12202;2449809982
09.02.2016 12:30:00.000;1.12202;1.12207;1.12132;1.12137;2945460037
09.02.2016 12:40:00.000;1.12137;1.12228;1.1209;1.12198;3274820007
09.02.2016 12:50:00.000;1.12198;1.12247;1.12126;1.1213;3991819977
09.02.2016 13:00:00.000;1.1213;1.12275;1.12128;1.12245;4124640015
09.02.2016 13:10:00.000;1.12245;1.12287;1.1218;1.12186;3838300034
09.02.2016 13:20:00.000;1.12182;1.12213;1.12123;1.12162;6297740021
09.02.2016 13:30:00.000;1.12163;1.12228;1.12096;1.12175;4561520050
09.02.2016 13:40:00.000;1.12175;1.12299;1.12175;1.12269;3659050018
09.02.2016 13:50:00.000;1.12267;1.12364;1.12248;1.12286;3422199982
09.02.2016 14:00:00.000;1.12287;1.12504;1.12287;1.12446;4648949982
09.02.2016 14:10:00.000;1.12444;1.12449;1.12322;1.12411;4368189972
09.02.2016 14:20:00.000;1.12414;1.12452;1.12252;1.12387;4141930023
09.02.2016 14:30:00.000;1.12389;1.12756;1.12341;1.1274;5284280060
09.02.2016 14:40:00.000;1.12739;1.12929;1.12704;1.1287;6713669983
09.02.2016 14:50:00.000;1.12868;1.12999;1.12789;1.12889;4826660004
09.02.2016 15:00:00.000;1.12888;1.12966;1.12814;1.12847;4595760071
09.02.2016 15:10:00.000;1.12847;1.12871;1.12785;1.12854;3379149994
09.02.2016 15:20:00.000;1.12854;1.12957;1.1282;1.12927;4128969940
09.02.2016 15:30:00.000;1.12927;1.12945;1.12674;1.12677;6329380005
09.02.2016 15:40:00.000;1.12678;1.12763;1.12605;1.12632;7043929993
09.02.2016 15:50:00.000;1.12633;1.12775;1.12606;1.12743;5272770020
09.02.2016 16:00:00.000;1.12744;1.12797;1.12572;1.12615;5538330048
09.02.2016 16:10:00.000;1.12616;1.1284;1.12616;1.12779;4708789948
09.02.2016 16:20:00.000;1.12779;1.12865;1.12727;1.12833;4600380035
09.02.2016 16:30:00.000;1.12834;1.13004;1.1283;1.12953;5041549988
09.02.2016 16:40:00.000;1.12955;1.13068;1.12909;1.12914;5136169922
09.02.2016 16:50:00.000;1.12912;1.13138;1.1291;1.13095;5000820038
09.02.2016 17:00:00.000;1.13095;1.13179;1.13018;1.13151;5398829987
09.02.2016 17:10:00.000;1.13151;1.13242;1.13036;1.13159;4687359985
09.02.2016 17:20:00.000;1.1316;1.13164;1.13031;1.13105;4151509979
09.02.2016 17:30:00.000;1.13106;1.13212;1.131;1.13187;4503329926
09.02.2016 17:40:00.000;1.13186;1.13194;1.13047;1.13116;4544559967
09.02.2016 17:50:00.000;1.13117;1.132;1.13088;1.13171;3678769974
09.02.2016 18:00:00.000;1.1317;1.13193;1.13093;1.13105;3412980026
09.02.2016 18:10:00.000;1.13103;1.13293;1.13086;1.13281;3093780029
09.02.2016 18:20:00.000;1.13279;1.13379;1.13272;1.13337;3044639984
09.02.2016 18:30:00.000;1.13336;1.13336;1.13207;1.13263;3060660004
09.02.2016 18:40:00.000;1.13263;1.13293;1.13231;1.13264;2961610062
09.02.2016 18:50:00.000;1.13263;1.13291;1.13085;1.13111;3466250061
09.02.2016 19:00:00.000;1.13117;1.13143;1.13064;1.13099;3948760040
09.02.2016 19:10:00.000;1.131;1.13139;1.13073;1.13122;3932969940
09.02.2016 19:20:00.000;1.13122;1.13146;1.12994;1.13005;2787820007
09.02.2016 19:30:00.000;1.13006;1.13056;1.12968;1.13033;2858570007
09.02.2016 19:40:00.000;1.13034;1.13055;1.12911;1.12986;2673609985
09.02.2016 19:50:00.000;1.12985;1.13006;1.12904;1.12916;2423270020
09.02.2016 20:00:00.000;1.12916;1.1299;1.12906;1.12945;2729439987
09.02.2016 20:10:00.000;1.12946;1.12974;1.12911;1.12921;2237519989
09.02.2016 20:20:00.000;1.12921;1.13026;1.12905;1.13019;3097620041
09.02.2016 20:30:00.000;1.1302;1.13022;1.12909;1.12914;3405139954
09.02.2016 20:40:00.000;1.12913;1.12916;1.12859;1.12874;5920319977
09.02.2016 20:50:00.000;1.12875;1.12897;1.1285;1.12863;5289979980
09.02.2016 21:00:00.000;1.12865;1.12889;1.12834;1.12849;3742300018
09.02.2016 21:10:00.000;1.1285;1.12886;1.1282;1.12861;3301629944
09.02.2016 21:20:00.000;1.12864;1.12896;1.12838;1.1288;2787949982
09.02.2016 21:30:00.000;1.1288;1.12895;1.12837;1.1289;2642409973
09.02.2016 21:40:00.000;1.1289;1.12949;1.12871;1.12898;2299880005
09.02.2016 21:50:00.000;1.129;1.12948;1.12873;1.1294;2316650009
09.02.2016 22:00:00.000;1.12942;1.12943;1.12915;1.12935;902820007.3
09.02.2016 22:10:00.000;1.12934;1.12953;1.12932;1.12935;607349998.5
09.02.2016 22:20:00.000;1.12935;1.12953;1.1292;1.12952;1783189999
09.02.2016 22:30:00.000;1.12952;1.12961;1.12942;1.12953;2072450027
09.02.2016 22:40:00.000;1.12954;1.12971;1.12931;1.12932;829839994.4
09.02.2016 22:50:00.000;1.12931;1.12945;1.12904;1.12923;1194139975
09.02.2016 23:00:00.000;1.12928;1.12928;1.12852;1.12887;136739999.8
09.02.2016 23:10:00.000;1.12887;1.12895;1.12837;1.12889;405699996.9
09.02.2016 23:20:00.000;1.12889;1.12892;1.12858;1.12888;454289997.1
09.02.2016 23:30:00.000;1.12888;1.12897;1.12881;1.12896;1088759995
09.02.2016 23:40:00.000;1.12896;1.12914;1.12891;1.12904;798980015.8
09.02.2016 23:50:00.000;1.12906;1.12907;1.12869;1.12869;915240009.3
10.02.2016 00:00:00.000;1.12868;1.12936;1.12868;1.12872;1338539993
10.02.2016 00:10:00.000;1.12872;1.12909;1.12865;1.12898;1359769985
10.02.2016 00:20:00.000;1.129;1.129;1.12863;1.12875;1092029999
10.02.2016 00:30:00.000;1.12876;1.12893;1.12865;1.12866;626149992
10.02.2016 00:40:00.000;1.12866;1.12889;1.12847;1.12868;952649997.7
10.02.2016 00:50:00.000;1.12866;1.12886;1.12833;1.1288;663510004
10.02.2016 01:00:00.000;1.1288;1.129;1.12862;1.12881;2466179977
10.02.2016 01:10:00.000;1.1288;1.12914;1.12845;1.12909;2567989990
10.02.2016 01:20:00.000;1.1291;1.1292;1.1287;1.1289;1852849983
10.02.2016 01:30:00.000;1.1289;1.12974;1.12868;1.12948;2192680023
10.02.2016 01:40:00.000;1.12949;1.12963;1.12895;1.12898;1724090019
10.02.2016 01:50:00.000;1.12898;1.12927;1.12857;1.12906;1477279991
10.02.2016 02:00:00.000;1.12907;1.12965;1.12879;1.12925;1526040001
10.02.2016 02:10:00.000;1.12926;1.12964;1.12906;1.12928;1514590004
10.02.2016 02:20:00.000;1.12927;1.13077;1.12926;1.13039;1721939995
10.02.2016 02:30:00.000;1.13039;1.13064;1.12992;1.13063;1698800003
10.02.2016 02:40:00.000;1.13062;1.13115;1.13007;1.13012;1433060013
10.02.2016 02:50:00.000;1.13012;1.13072;1.12965;1.13009;1499829994
10.02.2016 03:00:00.000;1.1301;1.1309;1.1301;1.13075;1207170006
10.02.2016 03:10:00.000;1.13072;1.13099;1.12913;1.12967;2017749969
10.02.2016 03:20:00.000;1.12966;1.13029;1.12943;1.12978;1695530006
10.02.2016 03:30:00.000;1.12978;1.13003;1.12941;1.1297;1235290009
10.02.2016 03:40:00.000;1.12969;1.13015;1.12951;1.12983;1155360008
10.02.2016 03:50:00.000;1.12984;1.13005;1.12944;1.12962;1351449989
10.02.2016 04:00:00.000;1.12963;1.12976;1.12946;1.12967;1634690002
10.02.2016 04:10:00.000;1.12968;1.12991;1.12958;1.12986;1727939995
10.02.2016 04:20:00.000;1.12985;1.1299;1.12929;1.12948;1201730015
10.02.2016 04:30:00.000;1.12952;1.12969;1.12902;1.12953;2443719955
10.02.2016 04:40:00.000;1.12954;1.12963;1.1289;1.1289;1709070000
10.02.2016 04:50:00.000;1.12891;1.12921;1.12877;1.12918;1613649994
10.02.2016 05:00:00.000;1.12917;1.12919;1.12889;1.12894;2005889984
10.02.2016 05:10:00.000;1.12894;1.1298;1.12889;1.1294;2464139999
10.02.2016 05:20:00.000;1.1294;1.12946;1.12904;1.12909;1671150002
10.02.2016 05:30:00.000;1.12911;1.12931;1.12847;1.12912;1499109993
10.02.2016 05:40:00.000;1.12912;1.12928;1.12877;1.12886;1445560013
10.02.2016 05:50:00.000;1.12885;1.1295;1.12885;1.1294;1281029991
10.02.2016 06:00:00.000;1.1294;1.12969;1.12919;1.12929;2372020004
10.02.2016 06:10:00.000;1.1293;1.12953;1.12901;1.1295;2033819992
10.02.2016 06:20:00.000;1.12949;1.12958;1.12924;1.12932;1612709991
10.02.2016 06:30:00.000;1.12933;1.1295;1.1291;1.12945;1677259987
10.02.2016 06:40:00.000;1.12945;1.12961;1.1292;1.12959;1178330002
10.02.2016 06:50:00.000;1.12958;1.1299;1.12947;1.12983;1818030003
10.02.2016 07:00:00.000;1.12982;1.12982;1.12895;1.12908;1910739994
10.02.2016 07:10:00.000;1.1291;1.12951;1.1291;1.12925;1448790024
10.02.2016 07:20:00.000;1.12924;1.12953;1.12906;1.12928;1828000000
10.02.2016 07:30:00.000;1.12933;1.12967;1.12898;1.12966;1169700012
10.02.2016 07:40:00.000;1.12965;1.12966;1.12912;1.12919;1327860008
10.02.2016 07:50:00.000;1.1292;1.12922;1.12878;1.12882;1986409996
10.02.2016 08:00:00.000;1.12881;1.1289;1.128;1.1282;2635600006
10.02.2016 08:10:00.000;1.12821;1.12852;1.12774;1.12815;2821700012
10.02.2016 08:20:00.000;1.12814;1.12846;1.12801;1.12805;2259209991
10.02.2016 08:30:00.000;1.12806;1.1285;1.12797;1.12803;3059540024
10.02.2016 08:40:00.000;1.12803;1.12805;1.12762;1.12793;2670509995
10.02.2016 08:50:00.000;1.12793;1.12848;1.12783;1.12803;2841170013
10.02.2016 09:00:00.000;1.12806;1.12904;1.12791;1.12874;5020690033
10.02.2016 09:10:00.000;1.12875;1.1302;1.12865;1.12974;4252760010
10.02.2016 09:20:00.000;1.12973;1.12982;1.12757;1.12773;4204040009
10.02.2016 09:30:00.000;1.12771;1.12779;1.12569;1.12647;3483909958
10.02.2016 09:40:00.000;1.12648;1.12682;1.12585;1.12627;2707540009
10.02.2016 09:50:00.000;1.1263;1.1264;1.12552;1.12589;3157100006
10.02.2016 10:00:00.000;1.12589;1.1264;1.12522;1.12627;3673090027
10.02.2016 10:10:00.000;1.12628;1.1264;1.12542;1.12546;3367579987
10.02.2016 10:20:00.000;1.12548;1.12614;1.12539;1.1257;2931330017
10.02.2016 10:30:00.000;1.12569;1.12642;1.12552;1.12628;3328879959
10.02.2016 10:40:00.000;1.12629;1.12663;1.12554;1.1261;2675469955
10.02.2016 10:50:00.000;1.12611;1.12659;1.12586;1.1265;2880970001
10.02.2016 11:00:00.000;1.12649;1.12659;1.12555;1.1257;3203550003
10.02.2016 11:10:00.000;1.1257;1.12625;1.12544;1.1255;2925549988
10.02.2016 11:20:00.000;1.1255;1.12578;1.12478;1.12499;2596570023
10.02.2016 11:30:00.000;1.12499;1.12499;1.12422;1.12424;2688010040
10.02.2016 11:40:00.000;1.12424;1.12477;1.12371;1.12477;2498320038
10.02.2016 11:50:00.000;1.12476;1.12599;1.1247;1.12597;3295319946
10.02.2016 12:00:00.000;1.12597;1.12647;1.12582;1.12597;3341200027
10.02.2016 12:10:00.000;1.12597;1.12637;1.1258;1.12627;2046990005
10.02.2016 12:20:00.000;1.12626;1.12651;1.12602;1.12629;1853460007
10.02.2016 12:30:00.000;1.1263;1.12645;1.126;1.1262;1698030014
10.02.2016 12:40:00.000;1.1262;1.12645;1.12605;1.12629;2173239990
10.02.2016 12:50:00.000;1.12629;1.12638;1.12571;1.1259;3232549988
10.02.2016 13:00:00.000;1.12587;1.12614;1.12499;1.12518;2268839951
10.02.2016 13:10:00.000;1.12517;1.12566;1.12485;1.12508;1704959999
10.02.2016 13:20:00.000;1.12507;1.126;1.12505;1.12595;2694510025
10.02.2016 13:30:00.000;1.12594;1.12697;1.12575;1.12684;3173519943
10.02.2016 13:40:00.000;1.12685;1.12728;1.12636;1.12715;2923059998
10.02.2016 13:50:00.000;1.12716;1.12725;1.12661;1.12697;3235750015
10.02.2016 14:00:00.000;1.12696;1.1271;1.12636;1.1265;3485160034
10.02.2016 14:10:00.000;1.12648;1.12698;1.12507;1.12555;3529389969
10.02.2016 14:20:00.000;1.12555;1.12601;1.1249;1.125;3832360016
10.02.2016 14:30:00.000;1.1252;1.12729;1.12443;1.12654;4773439972
10.02.2016 14:40:00.000;1.12653;1.12688;1.12315;1.12416;3349160034
10.02.2016 14:50:00.000;1.12417;1.12419;1.12221;1.12334;3547080017
10.02.2016 15:00:00.000;1.12334;1.1241;1.12271;1.12352;4732900024
10.02.2016 15:10:00.000;1.12352;1.12406;1.12236;1.12297;3661320038
10.02.2016 15:20:00.000;1.12297;1.12432;1.12292;1.12408;3177009964
10.02.2016 15:30:00.000;1.12409;1.12531;1.12346;1.1241;5456810028
10.02.2016 15:40:00.000;1.1241;1.12455;1.12331;1.12338;5361839966
10.02.2016 15:50:00.000;1.12341;1.12408;1.1226;1.12285;4547250031
10.02.2016 16:00:00.000;1.12284;1.12332;1.12132;1.12133;4806100067
10.02.2016 16:10:00.000;1.12137;1.12145;1.11889;1.11909;5036939972
10.02.2016 16:20:00.000;1.1191;1.1196;1.11809;1.11811;4284920013
10.02.2016 16:30:00.000;1.1181;1.11815;1.11606;1.11772;4553889984
10.02.2016 16:40:00.000;1.11773;1.11916;1.11773;1.11826;3852180023
10.02.2016 16:50:00.000;1.11826;1.12029;1.11821;1.11974;3506289978
10.02.2016 17:00:00.000;1.11972;1.12285;1.11878;1.1215;4179869995
10.02.2016 17:10:00.000;1.12152;1.12245;1.12035;1.12116;4512440002
10.02.2016 17:20:00.000;1.12114;1.122;1.12069;1.12188;4201589966
10.02.2016 17:30:00.000;1.12188;1.12379;1.1217;1.12356;4091559998
10.02.2016 17:40:00.000;1.12353;1.12433;1.1223;1.1224;2916730011
10.02.2016 17:50:00.000;1.1224;1.12267;1.12193;1.12224;3265419983
10.02.2016 18:00:00.000;1.12225;1.12412;1.12195;1.12286;3317849945
10.02.2016 18:10:00.000;1.12286;1.12477;1.12277;1.12425;2977840012
10.02.2016 18:20:00.000;1.12423;1.12434;1.12348;1.12381;3013929993
10.02.2016 18:30:00.000;1.12381;1.12385;1.123;1.12322;2829579987
10.02.2016 18:40:00.000;1.12318;1.12359;1.123;1.12312;2744479980
10.02.2016 18:50:00.000;1.1231;1.12341;1.12269;1.1229;4225140030
10.02.2016 19:00:00.000;1.12287;1.12416;1.12262;1.12406;3510349976
10.02.2016 19:10:00.000;1.12406;1.12497;1.12377;1.12482;3062779999
10.02.2016 19:20:00.000;1.12483;1.12531;1.12441;1.12521;2713339981
10.02.2016 19:30:00.000;1.12523;1.12574;1.12493;1.12555;1901570000
10.02.2016 19:40:00.000;1.12554;1.12574;1.12515;1.12552;2431919998
10.02.2016 19:50:00.000;1.12552;1.12628;1.12541;1.12579;2168630028
10.02.2016 20:00:00.000;1.12579;1.12595;1.12518;1.12579;1843500008
10.02.2016 20:10:00.000;1.12579;1.12687;1.12555;1.12674;1980410034
10.02.2016 20:20:00.000;1.12675;1.12695;1.12616;1.12638;2379559998
10.02.2016 20:30:00.000;1.1264;1.1268;1.12585;1.12677;1948829987
10.02.2016 20:40:00.000;1.12678;1.12769;1.12678;1.12736;2163370003
10.02.2016 20:50:00.000;1.12735;1.12817;1.12703;1.12803;2402899994
10.02.2016 21:00:00.000;1.12801;1.12813;1.12674;1.12688;2387060028
10.02.2016 21:10:00.000;1.12687;1.12725;1.12649;1.12716;1584990013
10.02.2016 21:20:00.000;1.12716;1.12786;1.12657;1.12754;1588460014
10.02.2016 21:30:00.000;1.12753;1.12909;1.12718;1.12861;2410779953
10.02.2016 21:40:00.000;1.12863;1.12963;1.12832;1.12949;2144060005
10.02.2016 21:50:00.000;1.12949;1.12952;1.12852;1.12932;1653150024
10.02.2016 22:00:00.000;1.12933;1.12965;1.12903;1.12933;1436560005
10.02.2016 22:10:00.000;1.12932;1.12932;1.12879;1.12915;679969997.4
10.02.2016 22:20:00.000;1.12914;1.12921;1.12874;1.12893;854169998.2
10.02.2016 22:30:00.000;1.12893;1.12922;1.12862;1.12921;618139995.6
10.02.2016 22:40:00.000;1.1292;1.12988;1.1292;1.12955;736890003.2
10.02.2016 22:50:00.000;1.12955;1.12966;1.1289;1.1289;1569680012
10.02.2016 23:00:00.000;1.12884;1.12923;1.12824;1.12855;300369999.9
10.02.2016 23:10:00.000;1.12855;1.12872;1.12818;1.12848;468909999.8
10.02.2016 23:20:00.000;1.12847;1.12863;1.12793;1.12798;605129991.5
10.02.2016 23:30:00.000;1.12798;1.128;1.1277;1.1278;885110000.6
10.02.2016 23:40:00.000;1.1278;1.12839;1.1277;1.12792;1004239990
10.02.2016 23:50:00.000;1.12792;1.12811;1.12759;1.12776;1246760010
