1;1.0873;1.0873;1.08702;1.08709;220690002.9
2;1.08708;1.08709;1.08662;1.08667;392619998.9
3;1.08667;1.08713;1.08666;1.08674;254349998
4;1.08676;1.08702;1.08673;1.0869;235299998.4
5;1.08686;1.08687;1.08665;1.08665;222419996.7
6;1.08665;1.0867;1.08659;1.08666;160549997.3
7;1.08665;1.08665;1.08525;1.08545;1045569996
8;1.08546;1.08598;1.0854;1.08569;352789998.1
9;1.08569;1.08574;1.08452;1.08489;798179987
10;1.0849;1.08542;1.08451;1.08513;687059997.6
11;1.08514;1.08548;1.08513;1.08522;572170000.1
12;1.0852;1.08541;1.08515;1.08516;615879997.3
13;1.08515;1.08577;1.08515;1.08552;590730009.1
14;1.08552;1.08564;1.0851;1.08513;489299999.2
15;1.08513;1.08517;1.08481;1.08482;572900000.6
16;1.08481;1.08535;1.08455;1.08476;1019219986
17;1.08475;1.0848;1.08431;1.08447;804780006.4
18;1.08448;1.08462;1.08432;1.08453;705310005.2
19;1.08453;1.08465;1.08366;1.08393;961049995.4
20;1.08394;1.08404;1.08272;1.08278;1326850002
21;1.08278;1.08365;1.08274;1.08365;1341939991
22;1.08365;1.08428;1.08362;1.08428;800879989.6
23;1.08426;1.08497;1.08403;1.08492;1157040003
24;1.08493;1.08616;1.08483;1.08599;1382949997
25;1.08597;1.08686;1.08596;1.08615;1754130032
26;1.08615;1.08642;1.08582;1.08602;886530002.6
27;1.08602;1.0866;1.086;1.08658;911090004
28;1.08658;1.08674;1.08633;1.08662;757259996.4
29;1.08661;1.08756;1.08653;1.08698;866750003.8
30;1.08698;1.08748;1.08652;1.08714;1244129993
31;1.08716;1.08728;1.08691;1.08703;584330013.3
32;1.08703;1.08705;1.08683;1.08693;568170003.9
33;1.08694;1.08716;1.08685;1.08687;421350009
34;1.08688;1.08715;1.0867;1.08674;876550003.1
35;1.08673;1.08714;1.08673;1.08686;629250001.9
36;1.08687;1.08728;1.0868;1.08712;623729999.5
37;1.08713;1.08726;1.08694;1.08714;398990002.6
38;1.08714;1.08775;1.08705;1.08759;574559998.5
39;1.08758;1.0879;1.08725;1.08771;1210570004
40;1.0877;1.08833;1.08743;1.08814;803399997.7
41;1.08814;1.08816;1.08765;1.08806;781909990.3
42;1.08807;1.08815;1.08763;1.08791;818960002.9
43;1.08793;1.08822;1.08741;1.08755;988099998.5
44;1.08756;1.08809;1.08756;1.08797;683579994.2
45;1.08796;1.08836;1.08795;1.08815;654579994.4
46;1.08825;1.08969;1.08825;1.08958;1706879997
47;1.0896;1.09047;1.08956;1.09006;1579759972
48;1.09006;1.09023;1.08955;1.08974;1073119995
49;1.08973;1.08973;1.08924;1.08934;1080529991
50;1.08934;1.09016;1.08934;1.08993;920640001.3
51;1.08993;1.09025;1.08933;1.08948;951459987.6
52;1.08948;1.08954;1.08901;1.08925;708009998.3
53;1.08927;1.08936;1.08875;1.08887;783600008
54;1.08887;1.08897;1.08841;1.0889;978370002.7
55;1.0889;1.08967;1.0882;1.08851;1795350014
56;1.0885;1.08946;1.08818;1.0888;2103870026
57;1.0888;1.08958;1.08853;1.08903;1446819992
58;1.08903;1.08962;1.08883;1.08908;1296880020
59;1.08905;1.09188;1.08904;1.09177;2513639984
60;1.09176;1.09202;1.09112;1.09125;2407379974
61;1.09123;1.0933;1.09106;1.09285;2756309982
62;1.09284;1.09455;1.0923;1.09379;3148970016
63;1.09374;1.09463;1.09348;1.0941;2514699997
64;1.0941;1.09451;1.09261;1.09283;1994160004
65;1.09283;1.09292;1.09221;1.0926;1694129997
66;1.09262;1.09362;1.09191;1.09241;2155310013
67;1.09242;1.09289;1.09189;1.09272;1943170006
68;1.09272;1.09273;1.09175;1.09187;1440570007
69;1.09188;1.09224;1.09138;1.09182;1605499977
70;1.09182;1.09214;1.09127;1.09142;1625109993
71;1.09143;1.09267;1.09128;1.09252;1600919998
72;1.09253;1.09303;1.09227;1.09298;1232589996
73;1.09292;1.0936;1.0924;1.09271;1594599998
74;1.09271;1.09313;1.09208;1.09227;1729179993
75;1.09226;1.09244;1.09147;1.09173;1397180027
76;1.09176;1.09204;1.09149;1.09174;1216069984
77;1.09175;1.09178;1.09067;1.09104;1651120003
78;1.09104;1.09134;1.09053;1.09057;1619370003
79;1.09059;1.09068;1.08976;1.09021;1721460014
80;1.09021;1.09066;1.09011;1.09059;1035360016
81;1.09059;1.09098;1.09051;1.09093;1265599983
82;1.09095;1.09154;1.09051;1.0913;1602110001
83;1.09129;1.09171;1.09093;1.09113;1307659985
84;1.09113;1.09172;1.09055;1.09171;1531450005
85;1.0917;1.0925;1.09161;1.09234;1353559998
86;1.09235;1.09245;1.09139;1.09163;1443880013
87;1.09164;1.09164;1.0907;1.09072;1610390007
88;1.09071;1.09085;1.09014;1.09016;1209730003
89;1.09015;1.09021;1.08967;1.08997;1529739990
90;1.08996;1.09104;1.08982;1.09068;1555049984
91;1.09064;1.09064;1.08963;1.09007;1890690018
92;1.09004;1.09047;1.08924;1.08929;1664939987
93;1.08932;1.08955;1.08812;1.08824;2005089996
94;1.08825;1.0885;1.08562;1.08565;3162289993
95;1.08568;1.0865;1.0846;1.08542;2805569992
96;1.08543;1.08586;1.08514;1.08547;1853200020
97;1.08547;1.08568;1.08496;1.08538;2126130020
98;1.08538;1.0863;1.08536;1.08575;1882510010
99;1.08575;1.08579;1.08497;1.08507;2473369980
100;1.08512;1.08602;1.08481;1.08498;2727820007
101;1.08501;1.08559;1.08427;1.08437;2361880020
102;1.08437;1.08448;1.08333;1.08357;2907539993
103;1.08347;1.08477;1.08318;1.08322;3158420013
104;1.08325;1.08355;1.08126;1.08156;3108070038
105;1.08153;1.08271;1.08121;1.0827;2651639984
106;1.0827;1.08297;1.08196;1.08209;2332980026
107;1.08209;1.08267;1.08149;1.08149;2667610001
108;1.08151;1.08156;1.08012;1.08015;2727669983
109;1.08016;1.08123;1.07985;1.0805;3328049973
110;1.0805;1.08051;1.07824;1.07836;3138709976
111;1.07836;1.07888;1.07812;1.07871;2409310028
112;1.07872;1.07959;1.07863;1.0792;2110540001
113;1.0792;1.07973;1.07882;1.07897;1663909988
114;1.079;1.08032;1.07883;1.08032;1723019989
115;1.08031;1.08044;1.08001;1.08032;2084289978
116;1.08035;1.0811;1.08035;1.08106;1332740005
117;1.08107;1.0816;1.08091;1.08141;1273330009
118;1.08141;1.08181;1.08139;1.08142;1196429993
119;1.08143;1.0816;1.0809;1.08149;1163999996
120;1.08149;1.08232;1.08138;1.08179;1747790009
121;1.0818;1.08212;1.0814;1.08142;1113139992
122;1.08142;1.08199;1.08127;1.08191;1228390018
123;1.08191;1.08209;1.08148;1.0816;954550006.9
124;1.0816;1.08222;1.08158;1.08212;1106320004
125;1.08214;1.08246;1.08199;1.08218;1144210024
126;1.08216;1.08232;1.08186;1.08221;1014919998
127;1.08222;1.08242;1.08199;1.08231;721020000.5
128;1.08231;1.08246;1.08188;1.08191;679139999.4
129;1.08191;1.08209;1.08157;1.082;748389999.4
130;1.082;1.08252;1.08197;1.0824;779420005.8
131;1.0824;1.08261;1.08221;1.08252;647420011.5
132;1.08252;1.0828;1.08229;1.08275;1510990021
133;1.08272;1.08342;1.08261;1.08325;1263709999
134;1.08327;1.08371;1.08308;1.08309;913819988.3
135;1.08311;1.08352;1.083;1.08306;899889999.4
136;1.08305;1.08341;1.08273;1.08287;1085239986
137;1.08287;1.0833;1.0828;1.08306;904400005.3
138;1.08306;1.08307;1.08266;1.08288;873129997.3
139;1.0829;1.08319;1.08288;1.08314;524039999
140;1.08315;1.0834;1.08313;1.08335;217890001.8
141;1.08336;1.08345;1.08305;1.08308;213630003.9
142;1.08309;1.08358;1.08307;1.08336;571110010.1
143;1.08336;1.0837;1.08313;1.08352;1016940006
144;1.08352;1.08352;1.08296;1.08296;1100819994
145;1.08303;1.08311;1.08283;1.083;237929997.9
146;1.08299;1.08326;1.08299;1.08304;213479999.8
147;1.08304;1.0832;1.08268;1.08295;381169996.3
148;1.08296;1.08304;1.08272;1.08277;463990001.7
149;1.08277;1.08313;1.08277;1.08301;327529995
150;1.08302;1.08303;1.0829;1.0829;323990003.6
151;1.0829;1.0829;1.08259;1.08271;1096309998
152;1.0827;1.0828;1.08259;1.08266;653300001.1
153;1.08266;1.08289;1.08266;1.08288;531230005.3
154;1.08288;1.0829;1.08254;1.08257;421049997.3
155;1.08259;1.08262;1.08239;1.08254;341109994.9
156;1.08253;1.08273;1.08235;1.08237;416229996.7
157;1.08239;1.08249;1.0818;1.08229;639200008.4
158;1.08232;1.08263;1.08225;1.08241;512769989
159;1.08246;1.08273;1.08243;1.08248;468730003.4
160;1.08249;1.0825;1.08233;1.08238;262290001.6
161;1.08238;1.08292;1.08238;1.08288;900110010.1
162;1.08287;1.08345;1.08286;1.08313;868990001.7
163;1.08315;1.08377;1.08308;1.08358;1061850006
164;1.08358;1.0838;1.08286;1.08291;1391579987
165;1.08291;1.08388;1.08287;1.08349;1100789997
166;1.0835;1.0835;1.08248;1.08274;1119730015
167;1.08274;1.08309;1.08221;1.08242;1315040009
168;1.08241;1.0828;1.08228;1.0825;900809993.7
169;1.08244;1.08285;1.08244;1.08267;1045479988
170;1.08267;1.08271;1.08249;1.08251;906239997.9
171;1.08251;1.08259;1.08231;1.08237;531990003.6
172;1.08236;1.08236;1.08195;1.08207;787750005.7
173;1.08207;1.08207;1.08154;1.08165;963800010.7
174;1.08165;1.08182;1.08162;1.08167;714470003.1
175;1.08168;1.08193;1.0816;1.08171;1162250008
176;1.0817;1.08186;1.0815;1.08152;571240005.5
177;1.08152;1.082;1.08151;1.0819;675409996
178;1.0819;1.08197;1.08179;1.08191;668860008.2
179;1.08191;1.08197;1.08171;1.08173;882550006.9
180;1.08173;1.08212;1.08166;1.08192;645819995.9
181;1.08194;1.08206;1.0819;1.08203;446380000.1
182;1.08202;1.08241;1.08202;1.08238;401969999.3
183;1.08238;1.08239;1.08204;1.0821;644800005
184;1.08209;1.08246;1.08209;1.08236;567129993.4
185;1.08237;1.08259;1.08236;1.08248;659140003.2
186;1.08248;1.08248;1.08216;1.08225;635459996.2
187;1.08225;1.08225;1.0821;1.08225;531559995.7
188;1.08225;1.08292;1.08216;1.08279;834770000.5
189;1.08279;1.0831;1.08241;1.08292;1113149994
190;1.08292;1.08324;1.08278;1.08304;1043530003
191;1.08303;1.08327;1.08301;1.08315;809770004.3
192;1.08316;1.08345;1.08311;1.08313;360560001.4
193;1.08313;1.08324;1.08287;1.08304;543250000
194;1.08302;1.08365;1.08302;1.08354;1185279987
195;1.08352;1.08352;1.08297;1.08303;1083119999
196;1.08303;1.08303;1.08248;1.0826;816749996.2
197;1.08258;1.08307;1.08251;1.08303;634649999.6
198;1.08304;1.08308;1.08276;1.08277;901460002.9
199;1.08277;1.08288;1.08208;1.08233;1282719986
200;1.08236;1.08236;1.08097;1.0813;1835989990
201;1.08129;1.08154;1.08058;1.08062;1418480003
202;1.08063;1.08094;1.08043;1.08079;1271289970
203;1.08079;1.08128;1.08066;1.08076;1486689972
204;1.08076;1.08127;1.08064;1.08086;1680399994
205;1.08087;1.08179;1.08076;1.08149;2153669983
206;1.08148;1.08184;1.08078;1.08078;2293859978
207;1.08079;1.0812;1.08045;1.08055;2075920013
208;1.08056;1.08104;1.08037;1.0807;1814609993
209;1.08069;1.08072;1.07951;1.07953;1661889999
210;1.07955;1.07964;1.07854;1.07897;2462930023
211;1.07896;1.07988;1.07896;1.07948;2297079987
212;1.07949;1.07949;1.07828;1.07851;2662290009
213;1.07851;1.07918;1.07845;1.07897;2025089996
214;1.07897;1.07901;1.07743;1.0775;2482220016
215;1.07751;1.07808;1.07726;1.07741;2344360001
216;1.07742;1.07809;1.07726;1.07734;2161339973
217;1.07741;1.07848;1.07665;1.07676;3238070007
218;1.07675;1.07791;1.07649;1.07766;2841770020
219;1.07766;1.07773;1.07698;1.07732;2229939987
220;1.0773;1.07743;1.07685;1.07743;1946409988
221;1.07743;1.07776;1.07697;1.07771;1627169983
222;1.07772;1.07798;1.0767;1.0768;2272870010
223;1.0768;1.0768;1.07615;1.0767;1928759995
224;1.0767;1.07688;1.07583;1.07608;1941279999
225;1.07606;1.07683;1.07589;1.07654;1608379982
226;1.07655;1.07667;1.07562;1.07576;1554239998
227;1.07576;1.07612;1.07536;1.07538;1646730019
228;1.07538;1.07563;1.07522;1.0756;1816969986
229;1.07559;1.07648;1.07559;1.07598;2088240021
230;1.07597;1.07635;1.07576;1.07577;1760890007
231;1.07577;1.07584;1.07533;1.07546;2123300003
232;1.07547;1.07583;1.07525;1.07531;1554869980
233;1.07531;1.07558;1.07517;1.07527;1950619995
234;1.07527;1.07561;1.075;1.07515;2106729988
235;1.07516;1.07531;1.0747;1.07472;2271669991
236;1.07471;1.07486;1.07406;1.07415;2914910034
237;1.07416;1.07528;1.07391;1.07501;3369849976
238;1.07501;1.07522;1.0747;1.0752;2309720032
239;1.0752;1.07561;1.07504;1.07559;1938640030
240;1.07559;1.07565;1.07421;1.07421;2428969986
241;1.07421;1.07432;1.07385;1.07406;2411399994
242;1.07409;1.07542;1.07408;1.07541;2204449997
243;1.07542;1.07574;1.07486;1.07504;2523400032
244;1.07505;1.07537;1.07453;1.07513;2657899994
245;1.07513;1.07516;1.07445;1.07489;2972449997
246;1.07487;1.07511;1.0739;1.07392;2854599991
247;1.07391;1.074;1.07312;1.074;2566889999
248;1.074;1.07427;1.07311;1.07312;2752420029
249;1.07312;1.07343;1.07229;1.07255;2665379990
250;1.07257;1.07265;1.07166;1.07168;3166660019
251;1.07169;1.07176;1.07107;1.07146;3627429993
252;1.07147;1.07225;1.07129;1.07217;3234269989
253;1.07216;1.07261;1.07198;1.07239;3318049942
254;1.07239;1.07362;1.0722;1.0736;2823189987
255;1.07357;1.07373;1.07235;1.07251;2037539978
256;1.07251;1.07306;1.07246;1.07304;2092410019
257;1.07305;1.07443;1.07295;1.07414;2299119972
258;1.07415;1.07437;1.07378;1.07422;1767739998
259;1.07422;1.07453;1.07356;1.0736;1604639999
260;1.07363;1.07384;1.07331;1.07364;1611790016
261;1.07363;1.07381;1.0735;1.07351;934530006.4
262;1.07351;1.07415;1.07351;1.07414;680100006.1
263;1.07414;1.07453;1.07375;1.07377;1086780010
264;1.07378;1.07485;1.07373;1.07454;1710760017
265;1.07455;1.07461;1.07419;1.0744;923189991
266;1.07439;1.07446;1.07391;1.07443;1304109985
267;1.07445;1.07464;1.07424;1.07436;1051679993
268;1.07435;1.07443;1.074;1.07421;863000007.6
269;1.07421;1.07421;1.07352;1.07372;942509998.3
270;1.07372;1.07387;1.07331;1.07339;836610004.4
271;1.07338;1.07384;1.07331;1.07372;938010009.8
272;1.07371;1.07433;1.07371;1.07397;887709987.6
273;1.07397;1.07409;1.07362;1.07371;1700900002
274;1.07371;1.07412;1.07367;1.0741;711610005.4
275;1.07409;1.07441;1.07402;1.07429;660130001.1
276;1.07429;1.07467;1.07415;1.07431;825000000
277;1.07436;1.07461;1.07428;1.0745;637279991.2
278;1.07448;1.07471;1.07438;1.07468;884189994.8
279;1.07469;1.07472;1.07437;1.07437;1063390007
280;1.07438;1.0747;1.0742;1.07451;975940002.4
281;1.07451;1.07517;1.07429;1.075;1301390003
282;1.075;1.07531;1.07492;1.07501;1030599995
283;1.075;1.07515;1.07462;1.07492;1018759990
284;1.07491;1.07492;1.07471;1.07484;369890004.2
285;1.07485;1.07496;1.07481;1.07496;190360000.6
286;1.07498;1.07543;1.07498;1.07538;630209997.2
287;1.07539;1.07555;1.07537;1.07552;587790004.7
288;1.07551;1.07554;1.07475;1.07476;690860001.6
289;1.07474;1.07477;1.07429;1.07474;175119998.2
290;1.07478;1.0751;1.07467;1.07498;226940002.4
291;1.07497;1.07529;1.07494;1.07515;369270001.4
292;1.07514;1.07537;1.07462;1.07516;663099997.5
293;1.07516;1.07556;1.07507;1.0754;907109996.8
294;1.07538;1.07554;1.07519;1.07528;832869997
295;1.07528;1.07554;1.07509;1.07537;991390014.6
296;1.07536;1.07577;1.07536;1.07572;884669990.5
297;1.07572;1.07582;1.0755;1.07553;863630004.9
298;1.07555;1.07555;1.07541;1.07551;160409997.9
299;1.07551;1.07553;1.07532;1.07537;304749998.1
300;1.07537;1.07537;1.07491;1.07502;578879993.4
301;1.07503;1.07514;1.0745;1.07451;574970005
302;1.07452;1.07487;1.0744;1.07455;767890003.2
303;1.07455;1.07475;1.07438;1.07443;536059997.6
304;1.07444;1.07456;1.07414;1.07415;820239999.8
305;1.07417;1.07455;1.07413;1.07454;603230005.3
306;1.07454;1.07465;1.07433;1.07441;1023759998
307;1.07443;1.07446;1.07392;1.07392;1247310001
308;1.07393;1.07485;1.07393;1.07477;1658750004
309;1.07476;1.07729;1.07471;1.07676;3136899994
310;1.07675;1.07681;1.07554;1.07565;2177139977
311;1.07568;1.07646;1.07568;1.07645;1599789993
312;1.07647;1.07647;1.07572;1.07612;1922190002
313;1.07614;1.07677;1.07604;1.07675;1883080017
314;1.07675;1.07705;1.07615;1.07624;1557519981
315;1.07622;1.07651;1.07603;1.07639;971499995.2
316;1.07639;1.07674;1.07622;1.07665;1094080002
317;1.07664;1.07699;1.07644;1.07652;1697489975
318;1.07653;1.07683;1.07635;1.07636;1340729996
319;1.07636;1.07649;1.0761;1.07615;1056290009
320;1.07614;1.07619;1.07579;1.07583;1117080006
321;1.07584;1.07584;1.07491;1.07513;1485529999
322;1.07513;1.07555;1.07483;1.07509;1486370022
323;1.07509;1.07517;1.07465;1.07516;1174350006
324;1.07515;1.07515;1.0745;1.07453;650930000.3
325;1.07453;1.07489;1.07453;1.07485;553540009.5
326;1.07485;1.07485;1.07464;1.07465;523869999.9
327;1.07465;1.07494;1.07453;1.07484;886669994.4
328;1.07484;1.07506;1.07474;1.07484;814740001.7
329;1.07484;1.07506;1.07471;1.07488;671839988.7
330;1.07487;1.07493;1.0747;1.07492;394250001
331;1.07492;1.07502;1.07481;1.07491;423959999.1
332;1.07491;1.07492;1.07461;1.07464;561429992.7
333;1.07463;1.07474;1.07422;1.07442;809400009.2
334;1.07441;1.07466;1.07432;1.07435;573709998.1
335;1.07434;1.07445;1.07411;1.07424;441390007
336;1.07425;1.07465;1.07425;1.07447;565709993.4
337;1.07447;1.07474;1.07439;1.07462;981659996
338;1.07462;1.07466;1.07432;1.07455;607549999.2
339;1.07456;1.07523;1.07456;1.07515;630840001.6
340;1.07515;1.0755;1.07492;1.07493;810030011.2
341;1.07494;1.07494;1.0746;1.07472;631780006.4
342;1.07473;1.07485;1.07431;1.07453;704189998.6
343;1.07453;1.07488;1.07304;1.07337;2415980011
344;1.07339;1.07366;1.07292;1.07354;1833130013
345;1.07352;1.07365;1.07315;1.07342;1596429970
346;1.07341;1.07367;1.07231;1.07251;2117339996
347;1.07252;1.07308;1.07191;1.07199;1740890015
348;1.072;1.07308;1.072;1.07293;2114680008
349;1.07294;1.07334;1.07283;1.07305;1783810020
350;1.07304;1.07366;1.07303;1.07337;1419449982
351;1.07338;1.07426;1.07315;1.07317;2041539978
352;1.07316;1.07343;1.07254;1.07287;2159550003
353;1.07287;1.07385;1.07242;1.07353;1808439995
354;1.07353;1.07376;1.07301;1.07351;1794309982
355;1.07352;1.07364;1.07241;1.07275;2291130020
356;1.07273;1.07276;1.07224;1.07226;1619360008
357;1.07226;1.07271;1.07203;1.07267;1384539993
358;1.07269;1.07317;1.07228;1.07298;1659300003
359;1.07298;1.07311;1.07253;1.07284;1757939995
360;1.07284;1.07357;1.07275;1.07346;1535669983
361;1.07345;1.07376;1.07311;1.07345;1708139992
362;1.07346;1.07379;1.0734;1.07357;1338850021
363;1.07358;1.07372;1.07311;1.07324;1419309990
364;1.07325;1.07364;1.07253;1.07268;1553399986
365;1.07268;1.07337;1.07267;1.07295;933230003.4
366;1.07295;1.07363;1.07284;1.07355;1182769997
367;1.07356;1.07426;1.07352;1.07384;1806529991
368;1.07385;1.07395;1.07327;1.07386;2460900009
369;1.07384;1.07449;1.07374;1.07441;1527650009
370;1.07441;1.07483;1.07424;1.07463;2276479980
371;1.07463;1.07478;1.07439;1.07462;1711079994
372;1.07462;1.0752;1.07459;1.07488;1812039993
373;1.07486;1.07506;1.07441;1.07504;1880110016
374;1.07505;1.07599;1.07503;1.07563;2097659973
375;1.07565;1.07588;1.07539;1.07543;1740869987
376;1.07543;1.07556;1.075;1.07501;1581959999
377;1.07501;1.07584;1.07501;1.0755;1450720001
378;1.0755;1.07551;1.07402;1.07429;2412279999
379;1.07431;1.07505;1.07431;1.07495;1634300011
380;1.07494;1.07515;1.07148;1.07435;3182710007
381;1.07422;1.07488;1.07405;1.07428;2857810013
382;1.07427;1.0755;1.07342;1.07501;3169570007
383;1.07504;1.07559;1.07373;1.07476;3182600021
384;1.07476;1.07514;1.07389;1.07393;2546509995
385;1.07394;1.0749;1.07392;1.0747;2933759964
386;1.0747;1.07515;1.07451;1.07492;2683669983
387;1.07491;1.075;1.0738;1.07397;2262889969
388;1.07396;1.07434;1.07331;1.07432;3891539978
389;1.07433;1.0753;1.07428;1.07508;3034250000
390;1.07507;1.07586;1.07471;1.0754;3232010025
391;1.07561;1.07665;1.07411;1.07411;2962479965
392;1.07413;1.07478;1.07404;1.07451;3450649979
393;1.07449;1.07493;1.0743;1.07485;2322799988
394;1.07488;1.07634;1.07479;1.07621;3219689972
395;1.0762;1.0767;1.07605;1.0762;2783730026
396;1.07621;1.07639;1.0745;1.07451;4331380035
397;1.07451;1.0753;1.07442;1.07462;4310720016
398;1.0746;1.07531;1.07437;1.07482;2523339996
399;1.07478;1.07543;1.07469;1.07532;1664939987
400;1.07533;1.07618;1.07532;1.07546;2407820007
401;1.07546;1.07613;1.07546;1.07599;1614210022
402;1.07599;1.07629;1.07577;1.07612;1183240005
403;1.07613;1.07617;1.07565;1.07582;1483690018
404;1.07583;1.07597;1.0756;1.07596;1129670010
405;1.07596;1.07624;1.07588;1.07609;1239350014
406;1.07609;1.07612;1.0754;1.07551;1042130001
407;1.07551;1.07585;1.07538;1.07552;968719995.5
408;1.07553;1.07566;1.07534;1.07547;908220012.7
409;1.07548;1.07594;1.07548;1.07569;715610000.6
410;1.07571;1.07621;1.07563;1.07587;918520000.5
411;1.07587;1.07648;1.07557;1.07613;2130689972
412;1.07613;1.07631;1.07547;1.07556;1202800003
413;1.07556;1.07557;1.07526;1.0755;1061499992
414;1.07551;1.0758;1.07537;1.07552;1367839985
415;1.0755;1.07975;1.07466;1.07913;4056350067
416;1.07907;1.07991;1.07779;1.0778;3777520050
417;1.0778;1.07799;1.07698;1.07729;3170740021
418;1.0773;1.07795;1.0767;1.07767;2470670029
419;1.07767;1.07961;1.07728;1.07943;2752749969
420;1.07942;1.07975;1.07851;1.07887;2535239990
421;1.07886;1.07961;1.07835;1.07925;2159869980
422;1.07924;1.07993;1.07876;1.07876;1929060013
423;1.07876;1.07889;1.07845;1.07867;1129039997
424;1.07867;1.07867;1.07818;1.07842;1652900009
425;1.07843;1.07869;1.07806;1.0781;939419998.2
426;1.0781;1.07874;1.07801;1.07872;1181350006
427;1.07873;1.07903;1.07856;1.07858;600760006
428;1.07858;1.07874;1.07846;1.07871;627819994
429;1.0787;1.07873;1.07845;1.07866;483149998.7
430;1.07866;1.07869;1.07816;1.07836;495959997.2
431;1.07836;1.07843;1.07816;1.07822;405440000.5
432;1.07821;1.07826;1.07795;1.078;682110004.4
433;1.07801;1.07813;1.0776;1.07774;366300002.6
434;1.07775;1.0781;1.07775;1.0779;317829999
435;1.0779;1.07811;1.07769;1.07798;326860002.5
436;1.07798;1.07807;1.07778;1.07795;383199998.9
437;1.07795;1.07802;1.07751;1.07764;598820000.9
438;1.07765;1.07775;1.07739;1.0774;712189996.7
439;1.07742;1.07767;1.07738;1.07762;624580000.9
440;1.07763;1.07795;1.07763;1.07795;376169994.4
441;1.07794;1.07812;1.07775;1.07775;587329992.3
442;1.07775;1.07789;1.07775;1.07777;208519999.5
443;1.07777;1.0778;1.07737;1.07755;453619997
444;1.07756;1.07768;1.07746;1.07766;302290003.8
445;1.07766;1.07815;1.07757;1.07808;897920005.8
446;1.07809;1.07829;1.07797;1.07797;588350000.4
447;1.07798;1.07805;1.07773;1.07787;751899997.7
448;1.07787;1.07809;1.07765;1.07806;651600009.9
449;1.07805;1.0781;1.07755;1.07757;613069988.3
450;1.07757;1.07778;1.07742;1.07776;626059997.6
451;1.07776;1.07812;1.07745;1.07747;1212029995
452;1.07747;1.07888;1.07746;1.07868;2180530014
453;1.07867;1.07986;1.07866;1.07961;2688040009
454;1.07964;1.08055;1.07928;1.08023;2054899994
455;1.08025;1.08096;1.07933;1.07989;3221850052
456;1.07991;1.08099;1.07991;1.08025;2738360016
457;1.08025;1.08065;1.08022;1.08049;1876439995
458;1.08049;1.08085;1.08035;1.08058;1395970001
459;1.08058;1.0806;1.07993;1.08017;1143739990
460;1.08017;1.08146;1.08006;1.08128;1601389999
461;1.08128;1.08171;1.08115;1.08145;1062850010
462;1.08146;1.08174;1.08125;1.08151;875240005.5
463;1.08151;1.08178;1.08146;1.08176;1371709999
464;1.08177;1.08254;1.0817;1.08236;1198320000
465;1.08234;1.08237;1.08176;1.08186;1228890007
466;1.08188;1.08228;1.08183;1.08221;880519994.7
467;1.08222;1.0825;1.08216;1.08236;1110720009
468;1.08236;1.08245;1.08174;1.08185;1231579994
469;1.08187;1.08202;1.08153;1.08163;964539997.1
470;1.08165;1.08177;1.08155;1.08167;690309988
471;1.08168;1.08229;1.08165;1.08205;903800012.6
472;1.08205;1.08206;1.08175;1.08185;707489995
473;1.08185;1.08254;1.08178;1.08254;879429985
474;1.08252;1.08252;1.08225;1.08233;884170002
475;1.08236;1.08242;1.08207;1.08228;855079990.4
476;1.08227;1.08244;1.08217;1.08237;680109996.8
477;1.08238;1.08248;1.08237;1.08244;509169988.6
478;1.08243;1.08251;1.08232;1.08237;417369998.9
479;1.08236;1.08259;1.08224;1.0825;630229990
480;1.08251;1.08294;1.08251;1.08272;957969995.5
481;1.08271;1.08277;1.08189;1.08196;1637980011
482;1.08195;1.08204;1.0817;1.08186;1113510006
483;1.08186;1.08218;1.08174;1.08208;1003150005
484;1.08205;1.08213;1.08147;1.08177;950319992.1
485;1.08175;1.08188;1.08139;1.08147;869440002.4
486;1.08147;1.08171;1.08117;1.08166;1211380005
487;1.08166;1.08218;1.0806;1.08095;2455380028
488;1.08094;1.08127;1.0805;1.08097;1932449989
489;1.08098;1.08129;1.07909;1.07948;2403109985
490;1.07954;1.07975;1.07826;1.07862;2501940018
491;1.07865;1.07977;1.07846;1.07928;2045349991
492;1.07928;1.0793;1.0782;1.07833;1833249992
493;1.07833;1.07898;1.07781;1.07783;2932889938
494;1.07784;1.07848;1.07738;1.07764;2614799988
495;1.07764;1.07782;1.0771;1.07758;1585320000
496;1.07758;1.07819;1.07738;1.07784;1882790016
497;1.07784;1.07881;1.07738;1.07879;1985050003
498;1.07879;1.08082;1.07841;1.08071;2582269989
499;1.08074;1.08296;1.08074;1.08296;3292819946
500;1.08307;1.08526;1.08306;1.08505;3948840027
501;1.08506;1.08693;1.08404;1.08655;3373380035
502;1.08655;1.08655;1.085;1.0851;3008929962
503;1.08513;1.0861;1.085;1.08603;2556059998
504;1.08602;1.08616;1.08444;1.08458;2817940033
505;1.08457;1.08482;1.08373;1.08393;2438239990
506;1.08393;1.08459;1.08385;1.08455;2010680008
507;1.08454;1.08581;1.08431;1.08543;1887279968
508;1.08541;1.08595;1.08475;1.08494;2079020012
509;1.08494;1.08494;1.0843;1.08475;1384550007
510;1.08474;1.08476;1.08348;1.08373;2065690033
511;1.08375;1.08507;1.08375;1.08498;1725600014
512;1.08498;1.0854;1.08477;1.08506;1584779984
513;1.08507;1.08654;1.08507;1.08615;2081320007
514;1.08615;1.08746;1.08614;1.08658;2705779999
515;1.08658;1.08706;1.08623;1.08706;1762810013
516;1.08707;1.08744;1.08646;1.08665;1852389984
517;1.08665;1.08696;1.08531;1.08532;2941000015
518;1.08532;1.08586;1.08523;1.08525;1726500000
519;1.08525;1.08609;1.08525;1.08565;1355789986
520;1.08566;1.0859;1.08516;1.08523;2720630005
521;1.08525;1.08558;1.08446;1.0855;1896730003
522;1.08549;1.08585;1.08533;1.08584;1554789978
523;1.08585;1.08715;1.08585;1.08665;2142660027
524;1.08664;1.08714;1.08623;1.08698;1690309990
525;1.08698;1.08725;1.08632;1.08637;2075279968
526;1.08637;1.08714;1.08627;1.08627;2108340027
527;1.08627;1.0868;1.0858;1.08607;2085400009
528;1.08605;1.08629;1.08561;1.08586;1890979996
529;1.08586;1.08643;1.08556;1.08628;2035659958
530;1.08628;1.08645;1.08496;1.08502;2056559998
531;1.08502;1.08568;1.08459;1.08561;1797550003
532;1.08561;1.08607;1.08471;1.0849;2933159973
533;1.08491;1.08511;1.08416;1.0846;3670899994
534;1.0846;1.08489;1.08366;1.08441;3280740021
535;1.0844;1.08743;1.08433;1.08689;3517040039
536;1.08691;1.08748;1.0863;1.08635;2931740005
537;1.08635;1.08676;1.08587;1.08626;2825469955
538;1.08625;1.08636;1.08506;1.08523;3017320007
539;1.08522;1.08559;1.08491;1.08518;2550620041
540;1.08518;1.08518;1.08279;1.08279;3687009964
541;1.08266;1.08497;1.0826;1.0847;2960170013
542;1.0847;1.08504;1.08433;1.08473;2487880020
543;1.08472;1.0855;1.08401;1.08535;2696730011
544;1.08536;1.08601;1.08486;1.08539;2448740051
545;1.08541;1.08572;1.08477;1.0855;2017839996
546;1.08553;1.08619;1.08537;1.08599;2033500000
547;1.08597;1.08673;1.08557;1.0866;1868790009
548;1.08659;1.08719;1.08646;1.08695;1633759983
549;1.08695;1.08697;1.08645;1.08695;1461000000
550;1.08696;1.08696;1.08602;1.08659;1584669998
551;1.08659;1.08659;1.08575;1.08652;1909969971
552;1.08652;1.08712;1.0861;1.08622;2143889999
553;1.08623;1.08727;1.08623;1.08707;1416760002
554;1.08707;1.08742;1.08707;1.08735;1357450005
555;1.08736;1.08879;1.08734;1.08871;2404380013
556;1.08871;1.09017;1.08839;1.08996;2164969994
557;1.08995;1.0909;1.08967;1.09019;2868059998
558;1.09019;1.09044;1.08955;1.09014;1620289986
559;1.09014;1.0905;1.09001;1.09027;1777780029
560;1.09027;1.09038;1.08935;1.08937;1707060013
561;1.08938;1.09027;1.08934;1.09027;1362800003
562;1.09027;1.09107;1.09016;1.09072;1797779999
563;1.09073;1.09117;1.09054;1.09076;1495460014
564;1.09077;1.0935;1.09049;1.0931;2532170021
565;1.09312;1.09346;1.09239;1.09319;2509020020
566;1.09319;1.09365;1.09286;1.09321;1845119987
567;1.09321;1.09401;1.09321;1.09362;1850489998
568;1.09364;1.0937;1.09253;1.09281;1392680008
569;1.09282;1.09315;1.09256;1.09276;2778090023
570;1.09277;1.09364;1.09266;1.09345;1364029999
571;1.09345;1.09398;1.09313;1.09313;912980003.4
572;1.09313;1.0938;1.09303;1.0937;879469997.4
573;1.0937;1.09371;1.09352;1.09364;375740008.4
574;1.09363;1.09364;1.0932;1.09324;729940000.5
575;1.09324;1.09331;1.09294;1.09303;893189991
576;1.09302;1.09314;1.09276;1.09292;674609996.8
577;1.09295;1.09313;1.09266;1.09301;298060003.3
578;1.09301;1.09333;1.09278;1.09278;415870000.8
579;1.09279;1.09293;1.09219;1.09221;627830009.5
580;1.09222;1.09235;1.09205;1.09215;409470003.1
581;1.09216;1.09255;1.0921;1.0921;777020000.5
582;1.0921;1.09217;1.09207;1.09215;321110004.9
583;1.09218;1.09242;1.09216;1.09222;944480003.4
584;1.09222;1.09252;1.09213;1.09224;983069992.1
585;1.09225;1.0923;1.0921;1.09226;392120002.7
586;1.09226;1.09259;1.09221;1.09234;597539995.2
587;1.09237;1.09244;1.092;1.09205;841400005.3
588;1.09205;1.09266;1.09194;1.09255;636259994.5
589;1.09255;1.09273;1.09201;1.09214;940479997.6
590;1.09213;1.0922;1.09193;1.09206;580229999.5
591;1.09206;1.09206;1.09159;1.0918;992880004.9
592;1.0918;1.0918;1.0913;1.09137;1125899998
593;1.09138;1.0915;1.0912;1.09123;769720001.2
594;1.09123;1.09186;1.09116;1.09178;1599320007
595;1.09177;1.09181;1.09142;1.0916;1513339996
596;1.09161;1.09224;1.08911;1.08939;3985270065
597;1.08941;1.0898;1.08757;1.08782;4056709991
598;1.08782;1.08898;1.08717;1.08844;3169009979
599;1.08844;1.09015;1.08826;1.08938;3137079971
600;1.08938;1.08954;1.08791;1.08836;2497809990
601;1.08843;1.08876;1.08817;1.08821;1567699989
602;1.08821;1.08889;1.08805;1.08813;1046320004
603;1.08814;1.08819;1.08759;1.08776;1662050011
604;1.08776;1.0886;1.08776;1.08846;1578719994
605;1.08847;1.08876;1.08837;1.08857;585139997.5
606;1.08855;1.08905;1.0885;1.0887;705499996.2
607;1.08871;1.08886;1.08857;1.08879;538609999.2
608;1.08879;1.08892;1.08847;1.0888;686049995.4
609;1.08879;1.08882;1.08826;1.08836;1023769997
610;1.08836;1.0884;1.08809;1.0881;691269990.9
611;1.08809;1.08854;1.08807;1.08838;758770011.9
612;1.08838;1.08856;1.08804;1.08839;932439994.8
613;1.08839;1.08844;1.08804;1.0882;848130005.8
614;1.08821;1.08841;1.08813;1.08834;537220001.2
615;1.08835;1.08841;1.08783;1.08787;687360002.5
616;1.08788;1.08788;1.08724;1.08771;1137840019
617;1.0877;1.0879;1.0876;1.08766;720480002.4
618;1.08766;1.0879;1.08738;1.08738;633419996.3
619;1.0874;1.08829;1.0873;1.0881;808909994.1
620;1.0881;1.08825;1.0877;1.08796;815960006.7
621;1.08798;1.08825;1.08796;1.08818;852470008.9
622;1.08818;1.08848;1.08779;1.08797;903629991.5
623;1.08798;1.08811;1.08768;1.08811;564370004.7
624;1.0881;1.0883;1.08769;1.0878;655369997
625;1.0878;1.0881;1.0876;1.0879;1002479988
626;1.08791;1.08813;1.08786;1.08806;864260000.2
627;1.08807;1.08807;1.08769;1.08771;516859995.8
628;1.08772;1.08777;1.08696;1.08701;876619995.1
629;1.08701;1.08711;1.08551;1.08571;1493679993
630;1.08571;1.08649;1.08571;1.08612;796049999.2
631;1.08612;1.08636;1.08549;1.086;1709449997
632;1.086;1.08647;1.08579;1.086;1316520004
633;1.08597;1.08622;1.08551;1.0858;1175150017
634;1.0858;1.0864;1.0858;1.08586;1065610004
635;1.08586;1.08671;1.08567;1.0867;1213190002
636;1.08668;1.08886;1.08655;1.08864;2078430008
637;1.08863;1.08997;1.08756;1.0899;2595770004
638;1.08991;1.08991;1.08829;1.08829;2099940018
639;1.08828;1.08852;1.08766;1.08766;2173379974
640;1.08763;1.0885;1.08743;1.08825;1740859985
641;1.08825;1.0886;1.08708;1.08741;2055389977
642;1.08742;1.08749;1.0869;1.08719;1824819969
643;1.08719;1.08813;1.08713;1.08792;1746659988
644;1.08792;1.08829;1.08761;1.08781;1388000004
645;1.08781;1.08821;1.08771;1.0878;1034369995
646;1.0878;1.08786;1.08669;1.08718;1499870010
647;1.08717;1.08773;1.08697;1.08724;1387420013
648;1.08726;1.08741;1.08693;1.08731;1082760017
649;1.08732;1.08732;1.08671;1.0869;1228469978
650;1.08691;1.08691;1.08601;1.08605;1915729965
651;1.08605;1.08696;1.08586;1.08651;1638000000
652;1.08651;1.08696;1.0865;1.08666;1320089996
653;1.08669;1.08697;1.08659;1.08697;1010969997
654;1.08696;1.08751;1.08677;1.0869;1497850006
655;1.0869;1.08717;1.08655;1.0866;1539669991
656;1.08659;1.08714;1.08612;1.08698;2097839989
657;1.08699;1.08755;1.08699;1.08751;1737650009
658;1.08752;1.08766;1.08719;1.08722;1379239975
659;1.08722;1.08723;1.08677;1.08712;1336189980
660;1.08714;1.08728;1.08683;1.08723;1417469986
661;1.08722;1.08774;1.08661;1.08672;1485339996
662;1.08671;1.08683;1.08629;1.08651;1427370010
663;1.0865;1.08668;1.0859;1.0865;1387270020
664;1.08649;1.08697;1.08637;1.08697;1099929981
665;1.08698;1.08735;1.0869;1.08704;1563279999
666;1.08703;1.08721;1.08618;1.08659;1131310005
667;1.0866;1.0866;1.08603;1.08619;1696570000
668;1.0862;1.08696;1.08588;1.08681;2037290009
669;1.0868;1.08706;1.08558;1.08613;2624569962
670;1.086;1.08604;1.08033;1.08231;4959840027
671;1.08215;1.08456;1.08152;1.08456;4152940002
672;1.08457;1.08537;1.08357;1.08422;3963380035
673;1.08413;1.08787;1.08337;1.08696;4400409973
674;1.08701;1.08843;1.08585;1.08837;4068180023
675;1.08838;1.08902;1.08719;1.08742;3928299988
676;1.08744;1.088;1.0858;1.08584;3978079926
677;1.08586;1.08848;1.08537;1.0875;4182289978
678;1.0875;1.08794;1.08634;1.0864;2877759979
679;1.08638;1.08962;1.08638;1.08934;4030479980
680;1.08931;1.09073;1.08823;1.09055;3434539978
681;1.09056;1.09067;1.0888;1.08904;3454489960
682;1.08906;1.09015;1.08831;1.09012;2945849960
683;1.09012;1.09041;1.08941;1.08964;3105239990
684;1.0897;1.09085;1.08943;1.09085;3859719955
685;1.09083;1.09091;1.08882;1.089;4095630035
686;1.08897;1.09011;1.08863;1.09011;2742170029
687;1.09012;1.09071;1.08972;1.09071;2590809998
688;1.09072;1.09169;1.08938;1.08963;3218099991
689;1.08965;1.09022;1.08907;1.0895;2626059967
690;1.08951;1.08993;1.08847;1.08847;2219830002
691;1.08845;1.089;1.08809;1.08812;1895480011
692;1.08812;1.08922;1.0881;1.08848;2506500031
693;1.08848;1.08857;1.08703;1.08761;1810320015
694;1.08765;1.08871;1.08765;1.08861;1709750031
695;1.0886;1.08883;1.08828;1.08861;1418770004
696;1.08864;1.08903;1.08841;1.08882;1366190018
697;1.08883;1.08986;1.08862;1.08927;2124540016
698;1.08927;1.0903;1.08922;1.0899;1239079975
699;1.08992;1.09046;1.0898;1.08981;1120539993
700;1.08981;1.0899;1.0886;1.08882;1189059998
701;1.08885;1.0898;1.08878;1.08951;1050920006
702;1.0895;1.08993;1.08937;1.08968;1307789993
703;1.08968;1.08973;1.08896;1.0895;1298529991
704;1.08947;1.09002;1.08936;1.09;1365990025
705;1.08997;1.0903;1.0899;1.09004;1031480007
706;1.09007;1.09027;1.08988;1.0901;1101219986
707;1.09009;1.09033;1.08998;1.08999;975819995.9
708;1.08999;1.0905;1.08999;1.09023;1263150005
709;1.09025;1.09104;1.09013;1.09086;1211580009
710;1.09083;1.09117;1.09059;1.0911;1488659996
711;1.0911;1.09122;1.09099;1.09111;1097230011
712;1.0911;1.09201;1.0911;1.09196;1691349991
713;1.09197;1.09215;1.09177;1.09188;1520609997
714;1.09188;1.09211;1.09151;1.09194;1106429996
715;1.09194;1.09212;1.09184;1.09184;708889995.6
716;1.09184;1.09222;1.09172;1.09212;578600000.4
717;1.09212;1.09233;1.09211;1.09227;410530000.7
718;1.09227;1.09261;1.09213;1.09253;794560005.2
719;1.09253;1.09299;1.09248;1.09285;962110000.6
720;1.09285;1.09291;1.09234;1.09235;940930007.9
721;1.09172;1.09206;1.09172;1.09201;179719998.1
722;1.09201;1.09398;1.09201;1.09379;725430004.1
723;1.09379;1.09388;1.09274;1.09331;558250001.9
724;1.09331;1.09394;1.0924;1.09359;763619995.1
725;1.09361;1.09388;1.09312;1.09335;748000002.9
726;1.09336;1.09456;1.09335;1.09441;1324770012
727;1.09441;1.09681;1.09386;1.09679;2122780014
728;1.0968;1.09697;1.09562;1.09569;1466759987
729;1.0957;1.09571;1.09435;1.09447;1262920006
730;1.09445;1.09446;1.0937;1.0937;869810001.4
731;1.09375;1.09406;1.09328;1.0937;1564859997
732;1.0937;1.09435;1.09363;1.09371;1203089989
733;1.09371;1.09376;1.09238;1.09352;1478619987
734;1.09352;1.09407;1.09301;1.09315;1043860008
735;1.09315;1.09337;1.09304;1.09334;673290002.8
736;1.09333;1.09375;1.09332;1.0936;754359996.8
737;1.0936;1.09378;1.09346;1.09363;658670002
738;1.09364;1.09385;1.0934;1.09383;887980003.4
739;1.09383;1.09384;1.09308;1.0935;1363789997
740;1.0935;1.09415;1.09235;1.09313;2263779984
741;1.09315;1.09434;1.09278;1.09382;1232699997
742;1.09386;1.09454;1.09362;1.09417;1183959999
743;1.09417;1.09445;1.09366;1.09429;1092860008
744;1.09429;1.09441;1.09353;1.09375;939889984.1
745;1.09378;1.09378;1.09249;1.09249;1143649992
746;1.09249;1.09252;1.09183;1.09212;1689039978
747;1.09216;1.09227;1.0918;1.09183;1039619987
748;1.09183;1.0921;1.09174;1.09189;1487700012
749;1.09189;1.09235;1.09186;1.0923;1009169998
750;1.09228;1.09229;1.09203;1.09208;883740007.4
751;1.09208;1.09208;1.0918;1.092;692830001.8
752;1.092;1.09236;1.09189;1.09229;637309993.7
753;1.09229;1.09229;1.09201;1.09201;477740007.4
754;1.09201;1.0922;1.09201;1.09203;664929996.5
755;1.09203;1.09203;1.09138;1.0914;618480003.4
756;1.09139;1.09153;1.09084;1.09141;1025119984
757;1.09141;1.09141;1.09104;1.09114;518159997.9
758;1.09113;1.0912;1.09081;1.0912;464960008.6
759;1.0912;1.09126;1.09107;1.09123;262279998.8
760;1.09122;1.09125;1.09106;1.09114;252280001.6
761;1.09114;1.0914;1.09114;1.09139;229820003.5
762;1.09138;1.09155;1.09126;1.09138;453610008.2
763;1.09138;1.09139;1.09122;1.09123;367199998.9
764;1.09123;1.09152;1.09089;1.09141;488439998.1
765;1.09142;1.09182;1.09124;1.09159;633500003.8
766;1.09158;1.09164;1.0913;1.09158;468159996
767;1.09158;1.09176;1.09154;1.09176;490729994.8
768;1.09176;1.09191;1.09172;1.09181;501010000.2
769;1.09181;1.09226;1.09177;1.09184;513029995.9
770;1.09184;1.09202;1.09143;1.09162;914749996.2
771;1.09161;1.09191;1.09143;1.09189;658559993.7
772;1.0919;1.0919;1.09147;1.0918;597099998.5
773;1.0918;1.09244;1.09157;1.09244;702780000.7
774;1.09243;1.09337;1.09241;1.09318;1074240013
775;1.09317;1.09321;1.09156;1.09185;1330809998
776;1.09184;1.09234;1.09166;1.09208;697149998.7
777;1.09206;1.09207;1.0903;1.09105;1254689987
778;1.09105;1.0915;1.0907;1.09079;1171730003
779;1.09079;1.09079;1.08944;1.08945;1346389999
780;1.08945;1.09014;1.0893;1.09005;998460002.9
781;1.09005;1.09005;1.08852;1.08878;1883360016
782;1.08878;1.08887;1.08829;1.08886;1470619987
783;1.08886;1.08946;1.08828;1.08869;2493469986
784;1.08869;1.08895;1.08725;1.08794;1954990005
785;1.08794;1.0888;1.08781;1.08785;1572889969
786;1.08784;1.08866;1.08722;1.08843;2199670013
787;1.08843;1.08936;1.08829;1.08855;1807200020
788;1.08856;1.08902;1.08845;1.08895;1478950005
789;1.08894;1.08904;1.08814;1.08843;1140449997
790;1.08841;1.08891;1.08829;1.08863;1332069984
791;1.08864;1.08899;1.08826;1.08857;1160680023
792;1.08856;1.08873;1.08831;1.08856;1047130005
793;1.08857;1.08927;1.08848;1.08926;1331519997
794;1.08925;1.08947;1.08899;1.08908;1218360003
795;1.08908;1.08946;1.08849;1.08931;2479550011
796;1.08935;1.08988;1.08897;1.08975;2435080009
797;1.08975;1.08989;1.08907;1.08926;2250659981
798;1.08926;1.09016;1.08921;1.09006;1736919998
799;1.09006;1.0904;1.08982;1.09029;1379950005
800;1.09029;1.09069;1.09013;1.09062;1967220016
801;1.0906;1.09069;1.08952;1.08989;1523290009
802;1.08987;1.09033;1.08956;1.08977;1707850014
803;1.08976;1.08995;1.08925;1.08984;1643690002
804;1.08984;1.08998;1.08961;1.08985;1372319988
805;1.08986;1.08998;1.0895;1.08983;1746190002
806;1.08983;1.08998;1.08967;1.08978;1225899994
807;1.08978;1.08988;1.08919;1.08988;1496839996
808;1.08988;1.09066;1.08988;1.09066;1733119995
809;1.09066;1.091;1.09004;1.09018;1826070007
810;1.09019;1.09043;1.08988;1.08991;1488139999
811;1.08991;1.09026;1.08902;1.08948;2321810013
812;1.0895;1.08953;1.08824;1.08854;3196089966
813;1.08854;1.08925;1.08854;1.08873;2170869980
814;1.08874;1.08934;1.08849;1.08849;2602770004
815;1.0885;1.08926;1.088;1.08886;2386130005
816;1.08889;1.08895;1.088;1.08814;2504360001
817;1.08814;1.08857;1.08759;1.0878;2899109955
818;1.08779;1.08787;1.08742;1.08744;2212790001
819;1.08743;1.0878;1.08621;1.08623;2576010040
820;1.08624;1.08777;1.08599;1.08745;3287750015
821;1.08746;1.08886;1.08712;1.08867;3678589935
822;1.08865;1.08993;1.08863;1.08983;3410970047
823;1.08982;1.08999;1.0882;1.08828;3994160034
824;1.08829;1.08856;1.08677;1.08717;4235780029
825;1.08718;1.08779;1.08694;1.08743;2895480026
826;1.08743;1.08743;1.08542;1.086;3478239990
827;1.08599;1.08629;1.08513;1.0853;3387600037
828;1.0853;1.08671;1.08503;1.08513;4194319977
829;1.08514;1.08792;1.08479;1.08788;3498339966
830;1.08791;1.08842;1.08739;1.08794;2973790009
831;1.08794;1.08943;1.08794;1.08921;2736289978
832;1.08923;1.08969;1.08842;1.08865;2430359985
833;1.08866;1.08921;1.0882;1.08876;1749830002
834;1.08876;1.08885;1.08773;1.08774;1976119995
835;1.08775;1.08849;1.08773;1.08834;1438190010
836;1.08833;1.08925;1.0881;1.08915;1455270012
837;1.08915;1.08929;1.08828;1.08903;2033380005
838;1.08903;1.08963;1.08882;1.08945;1633190018
839;1.08944;1.08956;1.08861;1.08875;1406009987
840;1.08874;1.08936;1.08805;1.08809;1608780006
841;1.08806;1.08865;1.08792;1.08822;1755759995
842;1.08823;1.08864;1.08782;1.088;1279820011
843;1.08799;1.08863;1.08783;1.08862;1488900009
844;1.08863;1.08973;1.08859;1.08942;1669349998
845;1.08942;1.08983;1.08925;1.08982;1905529991
846;1.08982;1.08987;1.08877;1.08902;1784379997
847;1.08903;1.08953;1.08818;1.08826;1596040009
848;1.08827;1.08845;1.08779;1.08805;1379170006
849;1.08805;1.08824;1.08703;1.08724;1586480003
850;1.08724;1.08765;1.08642;1.08642;1552740005
851;1.08641;1.08697;1.08627;1.08697;1264530006
852;1.08697;1.08739;1.08691;1.08734;891189991
853;1.08735;1.08747;1.08696;1.08722;871759998.3
854;1.08722;1.08799;1.08722;1.08755;679149993.9
855;1.08756;1.0876;1.08597;1.08607;1426939995
856;1.08607;1.08614;1.08555;1.08559;1233430016
857;1.08559;1.08563;1.08506;1.08551;1005169994
858;1.0855;1.0855;1.08501;1.0852;740679992.7
859;1.0852;1.08599;1.08515;1.08575;588550005.9
860;1.08574;1.08605;1.08548;1.08597;624089993.5
861;1.08596;1.086;1.08549;1.08566;518049999.2
862;1.08566;1.08576;1.08546;1.08553;484439994.8
863;1.08553;1.08562;1.0855;1.0856;270089997.3
864;1.0856;1.08593;1.08559;1.0859;251450002.7
865;1.08593;1.08593;1.08552;1.08566;199369997
866;1.08566;1.08581;1.08558;1.08578;531159997.9
867;1.08577;1.08646;1.08571;1.08579;901069994
868;1.08579;1.0864;1.08571;1.08635;546930001.3
869;1.08635;1.08643;1.08607;1.0862;671369998.9
870;1.0862;1.08626;1.08609;1.0862;623779993.1
871;1.0862;1.0862;1.08585;1.08591;814709995.3
872;1.08591;1.08606;1.08589;1.08594;382899999.6
873;1.08592;1.08595;1.08522;1.08562;709910003.7
874;1.08562;1.08566;1.08547;1.08558;495170000.1
875;1.08557;1.08566;1.08554;1.08561;582649993.9
876;1.0856;1.08567;1.08558;1.08563;268980000.5
877;1.08562;1.08605;1.08558;1.08604;983659999.8
878;1.08604;1.08645;1.08597;1.086;1162570000
879;1.086;1.08658;1.08599;1.08613;964210006.7
880;1.08613;1.08627;1.08572;1.08579;984830001.8
881;1.08579;1.08583;1.08532;1.08536;838869998.9
882;1.08536;1.08541;1.08502;1.08521;985600006.1
883;1.08522;1.08532;1.08453;1.08495;1049299988
884;1.08495;1.08524;1.0841;1.08476;1793739998
885;1.08478;1.08516;1.08431;1.08497;1942840027
886;1.08496;1.08611;1.08462;1.08601;1816600006
887;1.08599;1.08599;1.0852;1.08543;1809570000
888;1.08544;1.08584;1.08544;1.08547;1577760010
889;1.08547;1.08587;1.08545;1.0858;1338419991
890;1.08581;1.08627;1.08575;1.086;1141009991
891;1.08602;1.08645;1.08602;1.08638;1351319977
892;1.08635;1.08771;1.08635;1.0877;1608680000
893;1.0877;1.08786;1.08756;1.08765;1284440018
894;1.08765;1.08795;1.08752;1.08776;1008629986
895;1.08776;1.08787;1.08762;1.08764;824770013.8
896;1.08764;1.08795;1.08733;1.08747;926909999.8
897;1.08747;1.08747;1.08712;1.08742;699689994.8
898;1.08743;1.08773;1.08736;1.0875;787909997.9
899;1.08751;1.08837;1.08747;1.08811;932029998.8
900;1.08812;1.08818;1.0878;1.08798;822230003.4
901;1.08798;1.08803;1.08782;1.08782;793199989.3
902;1.08783;1.08802;1.08782;1.08786;628800003.1
903;1.08786;1.08795;1.08776;1.08784;726270004.3
904;1.08784;1.08802;1.08776;1.08802;454750000
905;1.08802;1.08823;1.08782;1.08819;694280011.2
906;1.0882;1.08847;1.08817;1.08823;1170490013
907;1.08822;1.08823;1.08793;1.08796;590550006.9
908;1.08796;1.08802;1.08783;1.08802;696340004
909;1.08802;1.08842;1.08795;1.08822;1284340012
910;1.08823;1.08838;1.08802;1.0883;1132389992
911;1.0883;1.08831;1.08762;1.08775;1492519981
912;1.08773;1.08799;1.08742;1.08755;1635839996
913;1.08757;1.08793;1.08743;1.08789;1012169994
914;1.08789;1.08875;1.08775;1.08811;1714329979
915;1.08811;1.0889;1.08772;1.08883;1316340008
916;1.089;1.08901;1.0883;1.08873;937499996.2
917;1.08872;1.08936;1.0887;1.0887;1470740005
918;1.0887;1.08877;1.08831;1.08837;1576220009
919;1.08837;1.08901;1.08798;1.08901;1387270020
920;1.08901;1.08938;1.08895;1.08909;1391549988
921;1.0891;1.08925;1.08861;1.08917;1263809990
922;1.08919;1.0899;1.08919;1.08985;1646359993
923;1.08987;1.08987;1.0895;1.08969;931960002.9
924;1.0897;1.08995;1.08921;1.08923;1439880013
925;1.08924;1.09002;1.08924;1.08964;2358869995
926;1.08964;1.08996;1.0888;1.08882;2172849991
927;1.08882;1.08885;1.08773;1.0881;2341470001
928;1.0881;1.08816;1.08722;1.08792;2209550018
929;1.08792;1.08974;1.08778;1.0891;2792579964
930;1.08911;1.08911;1.0881;1.08844;1814930016
931;1.08844;1.08884;1.08755;1.08761;2234339996
932;1.08759;1.08786;1.08631;1.08673;2031299988
933;1.08673;1.08673;1.08613;1.08654;2031809998
934;1.08654;1.08696;1.08558;1.08626;2759109985
935;1.08625;1.08638;1.08561;1.08564;2150610008
936;1.08563;1.08613;1.08545;1.08568;1815379974
937;1.08568;1.08568;1.08503;1.08544;1831009995
938;1.08544;1.08586;1.08512;1.08573;1726909985
939;1.08572;1.08595;1.08531;1.08585;1929290024
940;1.08585;1.08585;1.08472;1.08484;1943140007
941;1.08485;1.08548;1.08444;1.08484;2355440002
942;1.08483;1.08518;1.08439;1.08481;2076939972
943;1.08481;1.08575;1.08438;1.0856;1928830002
944;1.08559;1.08587;1.08526;1.08536;1726390022
945;1.08537;1.08567;1.0851;1.08515;1586309998
946;1.08515;1.08521;1.0845;1.08455;1688170006
947;1.08453;1.08553;1.0843;1.08546;1966899979
948;1.08546;1.08593;1.08546;1.08552;2012009979
949;1.08552;1.08594;1.08541;1.08561;1484530014
950;1.08562;1.08605;1.08549;1.08589;1763309998
951;1.08589;1.08604;1.08502;1.08533;2091399994
952;1.08534;1.08552;1.08462;1.08464;2471370026
953;1.08463;1.08496;1.0836;1.08412;2862190018
954;1.08413;1.08447;1.08383;1.0843;2827829956
955;1.0843;1.0843;1.08361;1.08382;2731920013
956;1.08385;1.08421;1.08331;1.08377;3423869995
957;1.08377;1.08457;1.08372;1.08438;2728769958
958;1.08437;1.08501;1.08422;1.08441;2746669983
959;1.08443;1.08505;1.08443;1.08486;2463110001
960;1.08487;1.08558;1.08466;1.08517;2668429977
961;1.08516;1.08532;1.08456;1.08488;3013699997
962;1.08488;1.08563;1.08461;1.08559;2458670013
963;1.08557;1.08606;1.08522;1.08549;2056849998
964;1.0855;1.08576;1.08486;1.08488;3517070007
965;1.08485;1.08504;1.08425;1.08476;2700549988
966;1.08475;1.0852;1.0843;1.08484;2622630005
967;1.08483;1.08484;1.08351;1.08445;3471580017
968;1.08445;1.08578;1.08413;1.08524;3652809967
969;1.08525;1.08531;1.08459;1.08472;3072419998
970;1.0847;1.0848;1.08405;1.08412;3005049988
971;1.08413;1.08413;1.08247;1.08333;3750970032
972;1.08332;1.08398;1.08209;1.08245;3676869995
973;1.08235;1.08378;1.08197;1.08378;3676870010
974;1.08379;1.08432;1.08325;1.08332;3457190002
975;1.08331;1.08426;1.08331;1.08363;3171040024
976;1.08363;1.08406;1.08334;1.08337;2678169983
977;1.08338;1.08373;1.08281;1.0833;2671509995
978;1.0833;1.08386;1.08302;1.08352;2304420013
979;1.08351;1.0838;1.08208;1.08236;2733580002
980;1.08239;1.08295;1.08214;1.08293;2346779968
981;1.08293;1.08368;1.08293;1.08361;2084449982
982;1.08362;1.0839;1.08328;1.08348;1826270012
983;1.08349;1.08397;1.08311;1.08332;1775800003
984;1.08332;1.08416;1.08307;1.08394;1501740013
985;1.08392;1.08397;1.08346;1.08379;1530199989
986;1.08378;1.08391;1.08303;1.0831;1979739998
987;1.0831;1.08346;1.08308;1.08316;1779849991
988;1.08315;1.08463;1.08315;1.08463;1679310013
989;1.08461;1.08562;1.08454;1.08551;1555989983
990;1.0855;1.08556;1.08484;1.08509;1125000015
991;1.08508;1.0874;1.08508;1.08732;2329260002
992;1.08732;1.08759;1.08673;1.08743;2347100006
993;1.08744;1.08774;1.08644;1.08659;2141199997
994;1.08663;1.08668;1.08556;1.08585;1131589993
995;1.08585;1.08671;1.0858;1.08624;1389709991
996;1.08624;1.08624;1.08515;1.08544;1506740005
997;1.08546;1.08589;1.0851;1.08561;1195639992
998;1.0856;1.08592;1.08512;1.08512;1084639984
999;1.08512;1.08536;1.08454;1.08482;1070560005
1000;1.08483;1.08538;1.08482;1.08535;801469993.6
1001;1.08534;1.08575;1.08512;1.08567;1020129997
1002;1.08567;1.08568;1.08502;1.0854;930569999.7
1003;1.08543;1.08545;1.08502;1.08536;591080005.6
1004;1.08535;1.08566;1.08531;1.08552;660069994
1005;1.08554;1.08568;1.08545;1.08546;347940000.5
1006;1.08545;1.08571;1.08542;1.08564;517520001.4
1007;1.08563;1.08589;1.08559;1.08585;509669996.3
1008;1.08584;1.08595;1.08568;1.0857;482229995.3
1009;1.0856;1.08602;1.0856;1.08572;123640002.9
1010;1.0857;1.08588;1.0856;1.08562;230329999.9
1011;1.08562;1.08565;1.08533;1.08536;344079999.9
1012;1.08537;1.08537;1.08462;1.08478;728190006.3
1013;1.0848;1.08486;1.08469;1.0848;382489997.9
1014;1.0848;1.0848;1.08475;1.08478;196889999.4
1015;1.08477;1.08487;1.08467;1.08487;931850003.2
1016;1.08489;1.0849;1.08466;1.08473;1022739990
1017;1.08473;1.0848;1.08473;1.08476;453739998.3
1018;1.08477;1.08478;1.08459;1.08464;263450000.8
1019;1.08464;1.08464;1.08432;1.08436;502350000.4
1020;1.08436;1.08436;1.0841;1.0843;774490009.3
1021;1.0843;1.08489;1.08421;1.08433;1129229984
1022;1.08436;1.0845;1.08315;1.08327;1483669998
1023;1.08327;1.08358;1.08308;1.0834;1798179993
1024;1.0834;1.08356;1.0832;1.08348;1259580002
1025;1.08348;1.08363;1.08337;1.08356;977109993
1026;1.08356;1.08391;1.08313;1.08375;1514069988
1027;1.08374;1.08382;1.08341;1.08349;1020890018
1028;1.08349;1.08351;1.08287;1.08304;1490509995
1029;1.08303;1.08316;1.082;1.08202;2579649994
1030;1.08203;1.08284;1.08201;1.08267;1678589989
1031;1.08267;1.08271;1.08233;1.08243;1227129990
1032;1.08243;1.08247;1.08215;1.08244;1279050014
1033;1.08244;1.08244;1.08113;1.08134;2552849991
1034;1.08135;1.08176;1.0813;1.08168;1756590012
1035;1.08168;1.08218;1.08161;1.08205;1291639992
1036;1.08204;1.08229;1.08167;1.08209;1538360001
1037;1.08209;1.08236;1.08201;1.08227;1278710007
1038;1.08228;1.0829;1.08227;1.08289;1533379997
1039;1.08291;1.08301;1.08272;1.0829;1036490007
1040;1.08288;1.08314;1.08286;1.08288;1278009987
1041;1.08288;1.08321;1.08283;1.08313;710810012.8
1042;1.08314;1.08318;1.08282;1.08301;1051710011
1043;1.083;1.08301;1.08245;1.08258;1065289993
1044;1.08257;1.0827;1.08244;1.08249;824869991.3
1045;1.08249;1.08259;1.0824;1.08256;733840000.2
1046;1.08256;1.08302;1.08256;1.08284;776479991.9
1047;1.08284;1.08296;1.08275;1.08292;701110002.5
1048;1.08291;1.08311;1.08291;1.08311;1161460013
1049;1.0831;1.0831;1.08285;1.08291;731489990.2
1050;1.0829;1.08293;1.08277;1.08277;728330020.9
1051;1.08276;1.08338;1.08272;1.08335;1331369984
1052;1.08335;1.08337;1.08314;1.08326;903239997.9
1053;1.08326;1.08351;1.08318;1.08325;1980230003
1054;1.08325;1.0833;1.08271;1.08296;1809029999
1055;1.08296;1.08312;1.08274;1.08305;1992360016
1056;1.08305;1.08323;1.08285;1.08293;1180020016
1057;1.08294;1.08325;1.08287;1.08325;942169998.2
1058;1.08325;1.08341;1.08315;1.0834;838100002.3
1059;1.0834;1.08367;1.08333;1.08362;1109479988
1060;1.08364;1.0838;1.08334;1.08335;1187269989
1061;1.08335;1.08338;1.08295;1.08315;1091180000
1062;1.08315;1.0835;1.08307;1.0833;1149939999
1063;1.08329;1.0833;1.08201;1.08246;2031760010
1064;1.08244;1.08291;1.08236;1.08265;1325859993
1065;1.08261;1.08365;1.08234;1.08365;1657549995
1066;1.08365;1.08365;1.08315;1.08319;1344279999
1067;1.08321;1.0833;1.0823;1.08311;1586359997
1068;1.08312;1.08318;1.08134;1.08161;2503149986
1069;1.08161;1.08208;1.08126;1.08177;2693579987
1070;1.08179;1.08207;1.08093;1.08166;2772550003
1071;1.08165;1.08284;1.08165;1.08258;2486200043
1072;1.08259;1.08339;1.0824;1.08254;2250550003
1073;1.08256;1.08262;1.08189;1.08247;2379019974
1074;1.08246;1.08267;1.08192;1.08236;2384759995
1075;1.08236;1.08265;1.0821;1.08212;2049250008
1076;1.08212;1.08236;1.08191;1.08207;2151400009
1077;1.08206;1.08211;1.08055;1.08089;2464620026
1078;1.08086;1.08149;1.08054;1.08144;1918019997
1079;1.08143;1.08202;1.08133;1.08199;1461330017
1080;1.08199;1.08206;1.08173;1.08195;1745749992
1081;1.08192;1.08192;1.08155;1.08188;1726209984
1082;1.08188;1.08206;1.08142;1.08152;1674710022
1083;1.08152;1.08208;1.08145;1.08184;1532300003
1084;1.08185;1.08191;1.08131;1.08141;1546509987
1085;1.08142;1.0816;1.08091;1.08097;1795920013
1086;1.08097;1.08161;1.08097;1.08126;1523590004
1087;1.08127;1.0821;1.08123;1.08197;1829629997
1088;1.08197;1.08282;1.08178;1.08247;1930070007
1089;1.08248;1.08276;1.08242;1.08255;1401490005
1090;1.08255;1.08298;1.08236;1.08246;1799440018
1091;1.08246;1.08256;1.0821;1.08244;1290109989
1092;1.08243;1.08266;1.08225;1.08229;1206040001
1093;1.08229;1.08239;1.08208;1.08215;1433999992
1094;1.08216;1.0822;1.08137;1.0814;1827010010
1095;1.0814;1.0814;1.08091;1.08096;1632689995
1096;1.08096;1.08114;1.08049;1.08076;2154439972
1097;1.08076;1.08117;1.08076;1.08091;1335039993
1098;1.08091;1.08158;1.0809;1.08144;1643349998
1099;1.08144;1.08198;1.08143;1.08185;2127179977
1100;1.08186;1.08199;1.08156;1.08183;3098679993
1101;1.08185;1.08259;1.08185;1.0823;2724220001
1102;1.08229;1.08231;1.08153;1.08176;2076669998
1103;1.08175;1.08286;1.08153;1.08256;2352170013
1104;1.08255;1.08316;1.08212;1.08304;2457010010
1105;1.08309;1.08319;1.08241;1.08296;2403600021
1106;1.08295;1.08377;1.08285;1.08333;4180309998
1107;1.08332;1.08357;1.08273;1.08286;2359190018
1108;1.08289;1.08475;1.08241;1.08419;4249439972
1109;1.08417;1.08468;1.08395;1.08436;3852000061
1110;1.08435;1.08559;1.08434;1.08477;3548980011
1111;1.08475;1.08546;1.08445;1.08453;3328720032
1112;1.08455;1.08535;1.08432;1.08519;2818320023
1113;1.08519;1.08661;1.0849;1.08644;3150209976
1114;1.08647;1.08821;1.08645;1.08759;4862109985
1115;1.08759;1.08806;1.08694;1.08706;4412630035
1116;1.08705;1.08706;1.08441;1.08449;5922669983
1117;1.08444;1.08619;1.08444;1.08595;4582939941
1118;1.08597;1.08597;1.08445;1.08458;4089920044
1119;1.08458;1.08594;1.0845;1.08552;3382380005
1120;1.08553;1.08553;1.08476;1.08484;3366800018
1121;1.08485;1.08547;1.08448;1.08538;2923649963
1122;1.08538;1.08627;1.08517;1.08622;2421089996
1123;1.08622;1.08622;1.08543;1.08581;2421710022
1124;1.08579;1.08581;1.08498;1.08523;2056349991
1125;1.08522;1.08538;1.08448;1.08473;2469160004
1126;1.08474;1.08554;1.08474;1.0855;1582069992
1127;1.08551;1.08557;1.08488;1.08492;1569020004
1128;1.08492;1.08511;1.08474;1.08502;1573470009
1129;1.08504;1.08589;1.08495;1.0853;1614299980
1130;1.0853;1.08548;1.08486;1.08502;1530609978
1131;1.08503;1.08522;1.0848;1.08502;1428220001
1132;1.08502;1.08547;1.08445;1.08538;1358989983
1133;1.08537;1.0864;1.08525;1.08602;2018340012
1134;1.08602;1.08612;1.08527;1.0857;2420470032
1135;1.08568;1.08608;1.08504;1.086;1806360001
1136;1.08599;1.08717;1.08555;1.08663;1858150009
1137;1.08663;1.0872;1.08645;1.08702;1640480011
1138;1.08704;1.08786;1.08693;1.08732;2005680023
1139;1.08733;1.08835;1.08728;1.08812;2070849998
1140;1.08812;1.08815;1.087;1.08774;2463919998
1141;1.08775;1.08805;1.08716;1.08779;1589620003
1142;1.08779;1.08813;1.08703;1.08728;1313750000
1143;1.08728;1.08785;1.08706;1.08761;1291649994
1144;1.08765;1.08774;1.08714;1.08746;1668129997
1145;1.08746;1.08806;1.08723;1.08781;1129920013
1146;1.08781;1.08827;1.08722;1.08827;1614269989
1147;1.08827;1.08861;1.08767;1.08786;840550000.2
1148;1.08786;1.08818;1.0878;1.08785;393289995.2
1149;1.08786;1.08869;1.08781;1.08869;776390003.2
1150;1.08866;1.08878;1.0877;1.08806;1447519997
1151;1.08806;1.08816;1.08728;1.08733;1474779985
1152;1.08733;1.08774;1.0872;1.08769;1153409988
1153;1.08769;1.08769;1.08739;1.08761;182790000.4
1154;1.08761;1.08784;1.08756;1.08765;978269992.8
1155;1.08765;1.0879;1.08759;1.0878;862610000.6
1156;1.08779;1.088;1.08761;1.08774;1229529993
1157;1.08774;1.08829;1.08766;1.0881;1154439999
1158;1.0881;1.08822;1.08804;1.08821;1227279991
1159;1.08821;1.08863;1.08807;1.08858;1093429996
1160;1.08859;1.08867;1.0885;1.08857;1500740007
1161;1.08857;1.08876;1.08834;1.08852;751190002.4
1162;1.08853;1.08875;1.08837;1.08873;618620000.8
1163;1.08873;1.08885;1.08808;1.08837;1012020004
1164;1.08836;1.08863;1.08836;1.08853;840159999.8
1165;1.08854;1.08907;1.08834;1.08886;1520419998
1166;1.08886;1.08935;1.08884;1.08935;1522720001
1167;1.08935;1.0894;1.08863;1.08864;1119719997
1168;1.08863;1.08918;1.08823;1.08888;1839029999
1169;1.08888;1.08895;1.08823;1.08829;1026850021
1170;1.08829;1.08867;1.08802;1.08859;1166730007
1171;1.0886;1.08956;1.08842;1.08909;2052479996
1172;1.08909;1.08954;1.08866;1.08938;1891669991
1173;1.08938;1.08944;1.08894;1.08937;1372510002
1174;1.08939;1.08953;1.08874;1.08879;1703080009
1175;1.08879;1.08915;1.08857;1.08881;1556419998
1176;1.08881;1.08884;1.08805;1.08807;1094720001
1177;1.08808;1.08862;1.08808;1.08845;1865369999
1178;1.08847;1.08911;1.08831;1.08835;2620319992
1179;1.08835;1.08858;1.08828;1.08851;1487359978
1180;1.08851;1.08875;1.08832;1.08863;965819995.9
1181;1.08863;1.08864;1.08826;1.08845;853329990.4
1182;1.08845;1.08852;1.08834;1.08846;1024499992
1183;1.08846;1.08859;1.08822;1.08822;788189994.8
1184;1.08822;1.08822;1.08757;1.0877;1234790001
1185;1.0877;1.08796;1.08762;1.08794;1012600021
1186;1.08793;1.08795;1.08761;1.0878;745580001.8
1187;1.08782;1.08831;1.08779;1.0883;901129993.4
1188;1.0883;1.08845;1.08825;1.0884;602979997.6
1189;1.0884;1.08844;1.08824;1.0883;486170003.9
1190;1.0883;1.08838;1.08825;1.08827;598829996.1
1191;1.08827;1.08908;1.08825;1.08895;1061199982
1192;1.08897;1.08967;1.0889;1.08957;1147130013
1193;1.08957;1.0896;1.08905;1.08907;1211500000
1194;1.08906;1.08942;1.08905;1.08915;994229991.9
1195;1.08915;1.08934;1.08902;1.08925;904490005.5
1196;1.08924;1.08929;1.08874;1.08882;754510000.2
1197;1.08882;1.08883;1.08825;1.08826;1188950012
1198;1.08825;1.08845;1.08778;1.0881;1497019989
1199;1.0881;1.08835;1.08805;1.08814;1307639992
1200;1.08814;1.08814;1.0876;1.08789;1056089996
1201;1.08788;1.08804;1.08749;1.08777;1149300003
1202;1.08777;1.08777;1.08687;1.08705;1778419960
1203;1.08705;1.08747;1.08696;1.08733;1272840012
1204;1.08731;1.08736;1.08695;1.08709;985300006.9
1205;1.08709;1.08718;1.08667;1.0871;1056219994
1206;1.08711;1.08732;1.0867;1.0867;1334529991
1207;1.08673;1.0872;1.08666;1.08695;1954350006
1208;1.08695;1.08695;1.08599;1.08608;1840469971
1209;1.08607;1.0864;1.08581;1.08616;1295020012
1210;1.08616;1.0866;1.08562;1.08617;1658259995
1211;1.08617;1.08643;1.0856;1.08596;1562170006
1212;1.08597;1.08604;1.08541;1.08597;1356389996
1213;1.08597;1.08649;1.08565;1.08587;2278840034
1214;1.08587;1.0878;1.08574;1.08748;2291260025
1215;1.08748;1.08826;1.08708;1.08794;2277779984
1216;1.08798;1.08892;1.08756;1.0885;2126349991
1217;1.0885;1.08989;1.08835;1.08911;2976639984
1218;1.0891;1.09183;1.08904;1.09132;4488839996
1219;1.09131;1.09367;1.09131;1.09297;4153699997
1220;1.09297;1.09298;1.09165;1.09235;2951449982
1221;1.09234;1.09236;1.09112;1.09128;3194009995
1222;1.09128;1.09155;1.09015;1.09034;2756849976
1223;1.09034;1.09116;1.08981;1.09113;3164759979
1224;1.09114;1.0912;1.09008;1.09022;2698129974
1225;1.09021;1.09117;1.08995;1.09116;2685419983
1226;1.09116;1.09229;1.09114;1.09195;2773089996
1227;1.09195;1.09276;1.09161;1.09252;2712800003
1228;1.09253;1.0929;1.09201;1.09208;2892780060
1229;1.09207;1.0927;1.09135;1.0915;2788830002
1230;1.0915;1.09233;1.09089;1.09225;2597269989
1231;1.09225;1.09306;1.0922;1.09297;2767449997
1232;1.09296;1.09315;1.0924;1.09282;4953170029
1233;1.09282;1.09355;1.092;1.09292;3030520020
1234;1.09291;1.09407;1.09279;1.09399;2746680023
1235;1.094;1.09432;1.0935;1.09355;2633929993
1236;1.09353;1.09397;1.09297;1.09317;2933720001
1237;1.09316;1.09357;1.09164;1.09234;3882020020
1238;1.09234;1.093;1.09204;1.09293;2883030014
1239;1.09293;1.09293;1.09132;1.09164;2556300003
1240;1.09165;1.09187;1.08851;1.08916;4112599976
1241;1.08916;1.08967;1.08899;1.08951;2438059982
1242;1.08951;1.08955;1.08827;1.08861;2592479980
1243;1.0886;1.08977;1.08824;1.08972;3177049957
1244;1.08972;1.09001;1.08831;1.0887;2818050018
1245;1.08872;1.08927;1.0885;1.08901;2216779999
1246;1.08905;1.09017;1.0885;1.08956;2916749985
1247;1.08957;1.08962;1.08835;1.08883;2661050041
1248;1.08885;1.08965;1.08885;1.0895;2597199966
1249;1.08951;1.08966;1.08798;1.08824;2814930023
1250;1.08824;1.08999;1.08806;1.08973;3566390030
1251;1.08973;1.08982;1.08851;1.08981;3203770035
1252;1.08982;1.09105;1.08973;1.09104;3784299988
1253;1.09102;1.0915;1.09034;1.09081;3560279976
1254;1.09079;1.09177;1.09035;1.09122;4084029938
1255;1.09121;1.09162;1.08994;1.09033;4183459991
1256;1.09032;1.09056;1.08907;1.08919;3711539917
1257;1.08918;1.08924;1.08806;1.0881;3945039978
1258;1.08809;1.08834;1.08622;1.08694;4415370056
1259;1.08691;1.0871;1.08445;1.08446;4490750031
1260;1.08448;1.08513;1.08363;1.08398;5568879974
1261;1.08396;1.08482;1.08346;1.08465;4062940033
1262;1.08464;1.08556;1.0842;1.08553;3306960022
1263;1.08553;1.08575;1.08508;1.08527;3396670013
1264;1.08529;1.08636;1.08495;1.08631;3323279968
1265;1.08631;1.08634;1.08541;1.08568;2824369965
1266;1.08568;1.08625;1.08536;1.08618;2265320007
1267;1.08617;1.08617;1.08536;1.08579;2825690048
1268;1.08578;1.08627;1.08578;1.08589;1962470001
1269;1.0859;1.08691;1.08578;1.08669;2302320007
1270;1.08668;1.08694;1.08569;1.08587;2069879982
1271;1.08587;1.08596;1.08544;1.08557;1710090012
1272;1.08557;1.0863;1.08557;1.08615;1498330017
1273;1.08614;1.08626;1.08521;1.08542;1723350006
1274;1.08542;1.0858;1.08515;1.08578;1505980011
1275;1.08578;1.08578;1.08499;1.0852;1599419998
1276;1.08519;1.08552;1.08466;1.08551;1933179985
1277;1.08552;1.08581;1.0852;1.0854;1354450005
1278;1.08539;1.08607;1.08526;1.08583;1984549995
1279;1.08583;1.08605;1.08568;1.0857;1634140007
1280;1.08571;1.08605;1.08542;1.08597;1150080009
1281;1.08597;1.08613;1.0855;1.08582;1312669987
1282;1.08582;1.08627;1.08565;1.08621;1271640007
1283;1.08621;1.08638;1.08601;1.08606;1046980000
1284;1.08606;1.08639;1.086;1.08621;1049389999
1285;1.08622;1.08651;1.0861;1.08621;1092760010
1286;1.0862;1.0862;1.08554;1.08567;1110989998
1287;1.08568;1.08579;1.08552;1.08561;1204749985
1288;1.08562;1.08598;1.08543;1.08576;1682130013
1289;1.08576;1.08656;1.08576;1.08652;2174709976
1290;1.08651;1.08665;1.08634;1.08645;1749989990
1291;1.08645;1.08645;1.08586;1.08607;1044250017
1292;1.08607;1.08627;1.08606;1.08623;388430000.3
1293;1.08622;1.08701;1.08621;1.08698;676209998.1
1294;1.08698;1.08703;1.08675;1.08678;922280014
1295;1.08678;1.08683;1.08666;1.08671;720019996.6
1296;1.08673;1.08673;1.0864;1.08645;464209995.3
1297;1.08648;1.08656;1.08641;1.0865;203170002
1298;1.08649;1.08679;1.08642;1.08678;512779998.8
1299;1.08678;1.08705;1.08678;1.08687;296800005.9
1300;1.08685;1.08688;1.08644;1.08648;701449998.9
1301;1.08648;1.0865;1.08624;1.08635;461890005.8
1302;1.08634;1.08634;1.08608;1.08608;411740001.7
1303;1.08608;1.08654;1.08608;1.08622;762519996.6
1304;1.08622;1.08628;1.08618;1.08621;340430005.1
1305;1.08625;1.08625;1.08566;1.08579;668549997.3
1306;1.08579;1.08579;1.08551;1.08567;691760007.9
1307;1.08566;1.08568;1.08547;1.08557;600340002.1
1308;1.08558;1.08572;1.08543;1.0857;1053509993
1309;1.0857;1.08597;1.08563;1.08578;1226169991
1310;1.08578;1.08588;1.08564;1.08572;1008640007
1311;1.08573;1.08616;1.08567;1.08593;937069999.7
1312;1.08593;1.08606;1.08581;1.08582;779440002.4
1313;1.08582;1.08618;1.08566;1.08618;941800010.7
1314;1.08617;1.08639;1.08605;1.08639;1340530006
1315;1.0864;1.08689;1.08639;1.08672;1296550003
1316;1.08672;1.08689;1.08618;1.08681;1521659988
1317;1.08682;1.08753;1.08682;1.0874;1565069992
1318;1.08742;1.08768;1.08703;1.08731;1804199997
1319;1.08731;1.08777;1.08722;1.08777;1485109993
1320;1.08778;1.0879;1.08717;1.08722;1368180004
1321;1.08722;1.08764;1.08712;1.08758;1227799995
1322;1.08758;1.08776;1.08741;1.08752;834290004.7
1323;1.08752;1.08753;1.08683;1.0873;1053489994
1324;1.0873;1.08797;1.08728;1.08796;1224699997
1325;1.08796;1.08801;1.08771;1.08783;868770000.5
1326;1.08783;1.08814;1.08781;1.08813;1031319984
1327;1.08814;1.08814;1.08783;1.08784;906750003.8
1328;1.08784;1.08789;1.08748;1.08763;859360000.6
1329;1.08763;1.08797;1.08762;1.08795;674879993.4
1330;1.08795;1.08839;1.08795;1.08829;1183299999
1331;1.08829;1.0883;1.08762;1.08763;1304670017
1332;1.08762;1.08831;1.08754;1.08821;1060600002
1333;1.08821;1.08826;1.08788;1.08803;1069539989
1334;1.08803;1.08861;1.08803;1.08835;1357349998
1335;1.08837;1.08895;1.08813;1.0884;1546980007
1336;1.0884;1.0884;1.08788;1.08792;1661829994
1337;1.08793;1.08826;1.08757;1.08765;1280269997
1338;1.08765;1.08853;1.08765;1.08828;1408779991
1339;1.08831;1.08886;1.0881;1.08824;1912770012
1340;1.08824;1.08852;1.08807;1.08815;1278819992
1341;1.08815;1.08837;1.08796;1.08805;1452150024
1342;1.08804;1.08859;1.08773;1.08789;1605129990
1343;1.08787;1.08805;1.08778;1.08789;1159949997
1344;1.0879;1.08803;1.08774;1.08788;1357309982
1345;1.08785;1.08799;1.08757;1.08764;1452990021
1346;1.08762;1.08832;1.08757;1.08803;1416850006
1347;1.08805;1.08879;1.08805;1.08879;1351509995
1348;1.08879;1.08888;1.08835;1.08839;1724620010
1349;1.0884;1.08889;1.08803;1.08889;1052110001
1350;1.08888;1.08895;1.08844;1.08871;1040609997
1351;1.08874;1.08899;1.0882;1.08842;2363540024
1352;1.08837;1.08849;1.08801;1.08802;1412830002
1353;1.08803;1.08843;1.08787;1.0881;1570080002
1354;1.08813;1.08826;1.08606;1.08646;1906470009
1355;1.08644;1.08699;1.08617;1.08689;1362600010
1356;1.0869;1.087;1.08637;1.08688;1539799980
1357;1.08688;1.08766;1.08634;1.08692;2901780029
1358;1.08694;1.08944;1.08689;1.08902;3107480011
1359;1.089;1.0895;1.08873;1.08936;2681880035
1360;1.08936;1.08982;1.08855;1.08871;2766260010
1361;1.08872;1.08931;1.08845;1.08913;2408299988
1362;1.08914;1.09047;1.08881;1.09005;3253829941
1363;1.09005;1.09025;1.08894;1.09006;3224059967
1364;1.09005;1.09176;1.08956;1.09149;3062859955
1365;1.09147;1.09161;1.09063;1.09121;3105850006
1366;1.09121;1.09172;1.09071;1.09095;2501039993
1367;1.09095;1.09161;1.09044;1.09152;2157489990
1368;1.09151;1.09152;1.09043;1.09049;2466699997
1369;1.0905;1.09081;1.09022;1.09051;2456709991
1370;1.0905;1.09067;1.08969;1.09046;2259809982
1371;1.09046;1.09081;1.09006;1.09076;1854789993
1372;1.09076;1.09108;1.0903;1.09042;2212889999
1373;1.09042;1.09098;1.09035;1.09098;1791370010
1374;1.091;1.09156;1.09084;1.09123;2426999992
1375;1.09122;1.09157;1.09071;1.09105;2973799988
1376;1.09104;1.09104;1.08953;1.08971;2467300003
1377;1.08971;1.09047;1.08961;1.08967;2088839996
1378;1.08967;1.08973;1.089;1.08973;2471380035
1379;1.08973;1.09029;1.0894;1.09027;1470419994
1380;1.09027;1.09063;1.09005;1.09013;1338500008
1381;1.09014;1.0908;1.09;1.09065;1755030014
1382;1.09067;1.09132;1.0905;1.09057;2059819984
1383;1.09057;1.09104;1.09038;1.0906;1859730034
1384;1.09059;1.09186;1.09059;1.09118;2734919998
1385;1.09117;1.0914;1.09019;1.09021;2231149994
1386;1.09021;1.09096;1.09017;1.09084;3002699966
1387;1.09083;1.09156;1.09083;1.09102;3124730011
1388;1.09102;1.09249;1.09089;1.09197;5400059937
1389;1.09199;1.0925;1.09189;1.09196;3567689972
1390;1.09204;1.09567;1.09204;1.09528;6281830017
1391;1.09527;1.09799;1.09496;1.0978;5473369995
1392;1.0978;1.09846;1.09529;1.09571;6827480042
1393;1.0957;1.09665;1.09301;1.09412;5993720001
1394;1.09413;1.09624;1.09401;1.0962;4831519897
1395;1.0962;1.09697;1.09519;1.09676;4596830017
1396;1.09677;1.09687;1.09402;1.0944;5060949982
1397;1.09439;1.09529;1.09371;1.09447;5500839996
1398;1.09446;1.09599;1.09442;1.09598;3724920029
1399;1.09585;1.09651;1.09473;1.09488;4757529968
1400;1.09488;1.0963;1.09461;1.09568;4915219971
1401;1.09565;1.09587;1.09416;1.09448;4563370056
1402;1.09448;1.09472;1.09362;1.09416;4274419983
1403;1.09414;1.09583;1.09407;1.09439;4319800049
1404;1.09438;1.09586;1.09431;1.09505;4684120026
1405;1.09504;1.09574;1.09421;1.09519;4480369965
1406;1.09519;1.09574;1.09454;1.0951;3230770020
1407;1.09511;1.0957;1.09425;1.09451;3500080017
1408;1.09453;1.09524;1.0942;1.09498;3062980042
1409;1.09498;1.09538;1.09465;1.09535;2496840012
1410;1.09535;1.09678;1.09506;1.09636;3004929977
1411;1.09637;1.09778;1.09584;1.0976;3231729950
1412;1.09759;1.09809;1.09726;1.09777;2820559998
1413;1.09776;1.09833;1.09721;1.09769;2980700012
1414;1.0977;1.098;1.09643;1.0969;2443630005
1415;1.09691;1.09709;1.09551;1.09574;2336759995
1416;1.09575;1.09581;1.09445;1.09512;2430370026
1417;1.09513;1.09615;1.09508;1.09519;2195099991
1418;1.09518;1.09575;1.09491;1.09538;2715779968
1419;1.09538;1.09581;1.09508;1.09542;1615899986
1420;1.09542;1.09586;1.0953;1.09544;1679749992
1421;1.09546;1.09563;1.09476;1.0952;1629820015
1422;1.09519;1.09527;1.09466;1.09488;1989019989
1423;1.09488;1.09543;1.09468;1.09474;1803709999
1424;1.09472;1.09481;1.0932;1.09373;2329709991
1425;1.09374;1.09465;1.09362;1.09464;1934410019
1426;1.09463;1.09463;1.09291;1.09293;1856210007
1427;1.09292;1.09292;1.0915;1.09154;2546379990
1428;1.09154;1.09203;1.09073;1.0909;2964630020
1429;1.09091;1.09218;1.09091;1.09193;1916440018
1430;1.09193;1.09292;1.0918;1.0924;2476429993
1431;1.09239;1.09239;1.09199;1.09205;1603660011
1432;1.09204;1.09264;1.09153;1.09162;1955179993
1433;1.09162;1.09168;1.09102;1.0911;1598839996
1434;1.09112;1.09174;1.09107;1.09174;1559200012
1435;1.09174;1.092;1.09161;1.09161;1567509964
1436;1.09162;1.09174;1.0911;1.09112;973299995.4
1437;1.09112;1.0913;1.09081;1.09081;822499999
1438;1.09082;1.091;1.09065;1.09094;900350006.1
1439;1.09094;1.09112;1.09054;1.0911;733340000.2
1440;1.09111;1.09165;1.09089;1.0915;978210014.3
